id,purch_date,customer_num,product_num,amount,paid
1,2019-01-03,823,27,12,568.92
2,2019-01-03,606,28,14,395.36
3,2019-01-03,955,9,17,510.17
4,2019-01-03,577,19,3,68.49
5,2019-01-03,429,8,18,759.42
6,2019-01-03,275,36,18,176.76
7,2019-01-03,456,21,10,904.8
8,2019-01-03,526,58,19,1387.95
9,2019-01-03,326,44,2,61.34
10,2019-01-03,13,21,5,316.7
11,2019-01-03,727,47,20,966.4
12,2019-01-03,589,30,20,459.2
13,2019-01-03,305,1,19,120.84
14,2019-01-03,789,22,5,301.3
15,2019-01-03,800,37,14,867.86
16,2019-01-03,282,32,6,553.98
17,2019-01-03,121,5,5,436.95
18,2019-01-03,40,60,1,41.22
19,2019-01-03,94,53,18,1319.76
20,2019-01-03,450,43,18,732.42
21,2019-01-03,897,45,2,91.54
22,2019-01-03,737,50,11,682.66
23,2019-01-03,890,32,14,1292.62
24,2019-01-03,917,37,12,743.88
25,2019-01-03,349,22,1,38.57
26,2019-01-03,465,18,16,666.88
27,2019-01-03,183,12,2,85.12
28,2019-01-03,594,22,1,34.35
29,2019-01-03,826,26,14,1096.34
30,2019-01-03,622,47,6,289.92
31,2019-01-03,680,50,6,383.88
32,2019-01-03,842,31,2,111.54
33,2019-01-03,376,7,12,129.48
34,2019-01-03,570,49,7,438.2
35,2019-01-03,707,55,6,51.3
36,2019-01-03,906,48,10,366.7
37,2019-01-03,66,13,13,258.7
38,2019-01-03,498,30,20,459.2
39,2019-01-03,680,9,19,570.19
40,2019-01-03,583,58,2,146.1
41,2019-01-03,315,1,17,108.12
42,2019-01-03,898,22,19,664.05
43,2019-01-03,208,24,11,343.86
44,2019-01-03,483,5,2,174.78
45,2019-01-03,545,9,11,290.51
46,2019-01-04,53,24,4,125.04
47,2019-01-04,872,14,2,125.24
48,2019-01-04,588,21,2,180.96
49,2019-01-04,683,45,10,457.7
50,2019-01-04,804,29,17,1006.91
51,2019-01-04,744,9,18,459.18
52,2019-01-04,862,53,9,413.28
53,2019-01-04,808,57,18,1235.34
54,2019-01-04,173,42,6,435.78
55,2019-01-04,196,23,9,146.43
56,2019-01-04,957,23,10,87.9
57,2019-01-04,86,3,3,196.2
58,2019-01-04,733,35,10,956.8
59,2019-01-04,577,42,20,1750.2
60,2019-01-04,913,11,1,12.24
61,2019-01-04,693,4,7,477.12
62,2019-01-04,204,2,15,1286.1
63,2019-01-04,257,49,5,313.0
64,2019-01-04,343,19,16,365.28
65,2019-01-04,815,31,13,725.01
66,2019-01-04,158,2,19,1629.06
67,2019-01-04,356,29,16,824.48
68,2019-01-04,135,50,12,767.76
69,2019-01-04,710,56,14,287.42
70,2019-01-04,531,1,10,63.6
71,2019-01-04,217,37,19,1177.81
72,2019-01-04,346,54,5,188.95
73,2019-01-04,932,14,20,1809.0
74,2019-01-04,92,41,1,65.35
75,2019-01-04,37,1,11,69.96
76,2019-01-04,865,13,9,118.17
77,2019-01-04,620,21,16,1447.68
78,2019-01-04,644,42,15,1312.65
79,2019-01-04,591,35,19,1817.92
80,2019-01-04,318,56,13,266.89
81,2019-01-04,330,13,20,219.0
82,2019-01-04,778,14,2,198.8
83,2019-01-04,281,36,15,141.0
84,2019-01-04,994,41,15,980.25
85,2019-01-04,705,32,7,646.31
86,2019-01-04,751,13,2,39.8
87,2019-01-04,651,25,1,73.7
88,2019-01-04,434,30,15,323.7
89,2019-01-04,549,20,11,957.55
90,2019-01-04,458,44,6,95.7
91,2019-01-04,666,11,5,107.35
92,2019-01-04,206,22,18,1062.9
93,2019-01-04,312,9,20,600.2
94,2019-01-04,186,21,19,1564.46
95,2019-01-04,121,13,4,53.32
96,2019-01-04,902,10,1,88.99
97,2019-01-04,727,17,8,270.24
98,2019-01-04,89,31,2,111.54
99,2019-01-04,955,35,20,1913.6
100,2019-01-04,296,27,11,521.51
101,2019-01-04,393,29,12,668.16
102,2019-01-04,890,57,18,1235.34
103,2019-01-04,335,42,3,262.53
104,2019-01-04,268,5,16,1398.24
105,2019-01-04,992,16,2,110.9
106,2019-01-04,780,38,2,43.96
107,2019-01-04,120,17,13,439.14
108,2019-01-04,154,1,5,21.0
109,2019-01-04,864,19,4,91.32
110,2019-01-04,151,29,12,710.76
111,2019-01-04,264,41,8,261.44
112,2019-01-04,430,29,8,473.84
113,2019-01-04,54,20,7,609.35
114,2019-01-04,247,18,4,225.32
115,2019-01-04,330,46,15,920.1
116,2019-01-04,509,10,9,800.91
117,2019-01-04,804,41,9,588.15
118,2019-01-04,449,1,18,114.48
119,2019-01-04,405,38,10,219.8
120,2019-01-04,567,39,9,337.05
121,2019-01-04,535,45,4,183.08
122,2019-01-04,721,42,10,875.1
123,2019-01-04,967,30,13,152.23
124,2019-01-04,811,1,2,12.72
125,2019-01-04,721,32,17,1569.61
126,2019-01-04,187,10,20,1779.8
127,2019-01-04,563,21,2,180.96
128,2019-01-04,246,52,5,493.7
129,2019-01-04,367,37,19,1177.81
130,2019-01-05,673,54,8,302.32
131,2019-01-05,720,6,18,1678.86
132,2019-01-05,982,12,19,808.64
133,2019-01-05,184,34,17,1692.18
134,2019-01-05,588,24,12,375.12
135,2019-01-05,22,9,6,180.06
136,2019-01-05,297,29,1,59.23
137,2019-01-05,997,49,3,187.8
138,2019-01-05,376,7,10,89.9
139,2019-01-05,766,22,14,843.64
140,2019-01-05,792,2,2,171.48
141,2019-01-05,630,9,13,370.63
142,2019-01-05,914,57,13,562.12
143,2019-01-05,448,2,15,1286.1
144,2019-01-05,741,45,5,228.85
145,2019-01-05,856,30,14,321.44
146,2019-01-05,263,17,11,338.14
147,2019-01-05,53,40,11,436.26
148,2019-01-05,602,18,5,166.15
149,2019-01-05,710,49,10,438.2
150,2019-01-05,15,48,2,57.2
151,2019-01-05,19,8,1,42.19
152,2019-01-05,414,52,19,1876.06
153,2019-01-05,113,54,7,264.53
154,2019-01-05,113,12,9,383.04
155,2019-01-05,747,24,6,187.56
156,2019-01-05,768,57,1,68.63
157,2019-01-05,201,17,4,135.12
158,2019-01-05,413,9,12,360.12
159,2019-01-05,394,52,15,1481.1
160,2019-01-05,809,43,20,813.8
161,2019-01-05,390,56,9,184.77
162,2019-01-05,551,39,4,149.8
163,2019-01-05,669,48,19,438.9
164,2019-01-05,624,4,8,545.28
165,2019-01-05,35,44,4,83.44
166,2019-01-05,274,14,13,1292.2
167,2019-01-05,351,56,5,102.65
168,2019-01-05,724,39,2,74.9
169,2019-01-05,754,54,10,377.9
170,2019-01-05,185,10,17,1089.19
171,2019-01-05,528,57,19,1303.97
172,2019-01-05,890,28,6,94.86
173,2019-01-05,855,38,8,175.84
174,2019-01-05,398,47,8,386.56
175,2019-01-05,585,31,17,948.09
176,2019-01-05,947,49,13,813.8
177,2019-01-05,336,14,15,1491.0
178,2019-01-05,584,42,16,1400.16
179,2019-01-05,303,48,9,330.03
180,2019-01-05,894,57,19,1251.72
181,2019-01-05,684,2,5,428.7
182,2019-01-05,510,29,3,177.69
183,2019-01-05,609,3,17,1111.8
184,2019-01-05,778,15,10,70.7
185,2019-01-05,915,11,1,21.47
186,2019-01-05,688,1,16,101.76
187,2019-01-05,514,20,10,870.5
188,2019-01-05,675,11,11,236.17
189,2019-01-05,451,38,4,83.52
190,2019-01-05,969,14,13,1292.2
191,2019-01-05,140,60,6,247.32
192,2019-01-05,224,54,11,415.69
193,2019-01-05,356,39,16,599.2
194,2019-01-05,752,57,20,1372.6
195,2019-01-05,768,11,6,128.82
196,2019-01-05,192,45,19,869.63
197,2019-01-05,229,21,14,1266.72
198,2019-01-05,582,10,4,355.96
199,2019-01-05,591,31,3,167.31
200,2019-01-05,852,8,2,84.38
201,2019-01-06,764,24,9,208.17
202,2019-01-06,268,21,9,480.42
203,2019-01-06,436,54,20,755.8
204,2019-01-06,223,23,1,8.95
205,2019-01-06,769,46,16,853.92
206,2019-01-06,979,9,16,480.16
207,2019-01-06,669,3,16,1046.4
208,2019-01-06,502,25,6,442.2
209,2019-01-06,756,36,14,193.62
210,2019-01-06,863,41,6,254.88
211,2019-01-06,871,53,19,1407.14
212,2019-01-06,918,34,20,1990.8
213,2019-01-06,190,37,4,247.96
214,2019-01-06,106,57,4,274.52
215,2019-01-06,724,53,6,444.36
216,2019-01-06,178,31,16,892.32
217,2019-01-06,267,2,2,171.48
218,2019-01-06,72,35,17,992.12
219,2019-01-06,616,42,16,1400.16
220,2019-01-06,475,16,12,665.4
221,2019-01-06,743,28,1,20.33
222,2019-01-06,521,28,17,388.79
223,2019-01-06,86,33,15,1233.3
224,2019-01-06,347,60,9,370.98
225,2019-01-06,443,2,18,972.36
226,2019-01-06,799,2,19,1629.06
227,2019-01-06,918,52,5,493.7
228,2019-01-06,194,4,12,817.92
229,2019-01-06,456,12,10,425.6
230,2019-01-06,222,53,13,962.78
231,2019-01-06,753,60,17,700.74
232,2019-01-06,229,14,19,1888.6
233,2019-01-06,938,52,1,81.95
234,2019-01-06,160,30,3,68.88
235,2019-01-06,151,19,8,182.64
236,2019-01-06,217,30,19,436.24
237,2019-01-06,748,29,6,355.38
238,2019-01-06,487,12,12,510.72
239,2019-01-06,627,53,17,1259.02
240,2019-01-06,511,57,13,892.19
241,2019-01-06,792,38,19,284.05
242,2019-01-06,733,23,15,222.15
243,2019-01-06,3,59,17,1262.76
244,2019-01-06,854,8,11,464.09
245,2019-01-06,808,32,9,830.97
246,2019-01-06,134,4,8,545.28
247,2019-01-06,896,34,15,1493.1
248,2019-01-06,801,23,9,111.33
249,2019-01-06,993,30,10,229.6
250,2019-02-03,128,11,7,150.29
251,2019-02-03,920,49,3,135.21
252,2019-02-03,880,22,2,107.26
253,2019-02-03,816,19,6,136.98
254,2019-02-03,253,36,12,165.96
255,2019-02-03,2,50,19,1215.62
256,2019-02-03,398,50,11,703.78
257,2019-02-03,108,21,18,1628.64
258,2019-02-03,800,19,19,425.03
259,2019-02-03,127,15,8,113.04
260,2019-02-03,480,59,6,445.68
261,2019-02-03,351,53,2,148.12
262,2019-02-03,131,3,19,1242.6
263,2019-02-03,570,57,8,280.0
264,2019-02-03,933,39,6,224.7
265,2019-02-03,287,9,10,300.1
266,2019-02-03,884,60,6,247.32
267,2019-02-03,585,18,19,1070.27
268,2019-02-03,430,4,15,787.2
269,2019-02-03,811,31,6,334.62
270,2019-02-03,345,24,18,562.68
271,2019-02-03,195,57,12,823.56
272,2019-02-03,517,13,3,37.02
273,2019-02-03,573,32,15,1384.95
274,2019-02-03,226,56,6,123.18
275,2019-02-03,481,17,3,101.34
276,2019-02-03,923,1,13,82.68
277,2019-02-03,316,54,10,377.9
278,2019-02-03,59,25,3,221.1
279,2019-02-03,24,19,4,91.32
280,2019-02-03,663,49,9,563.4
281,2019-02-03,190,13,3,59.7
282,2019-02-03,472,39,12,449.4
283,2019-02-03,974,49,6,375.6
284,2019-02-03,587,2,11,943.14
285,2019-02-03,936,6,18,1785.96
286,2019-02-03,766,33,4,276.24
287,2019-02-03,704,7,15,207.45
288,2019-02-03,794,46,14,858.76
289,2019-02-03,374,16,11,609.95
290,2019-02-03,652,12,7,288.96
291,2019-02-03,779,50,13,831.74
292,2019-02-03,732,22,20,1205.2
293,2019-02-03,872,45,7,272.3
294,2019-02-03,389,1,5,31.8
295,2019-02-03,973,44,17,521.39
296,2019-02-03,761,26,16,1347.2
297,2019-02-03,473,25,3,221.1
298,2019-02-03,546,26,5,421.0
299,2019-02-03,22,41,12,407.76
300,2019-02-03,423,7,17,235.11
301,2019-02-03,34,13,12,155.28
302,2019-02-03,764,53,19,1407.14
303,2019-02-03,343,30,2,23.88
304,2019-02-03,279,53,12,888.72
305,2019-02-03,533,15,9,127.17
306,2019-02-05,647,9,7,210.07
307,2019-02-05,944,8,8,337.52
308,2019-02-05,403,50,9,575.82
309,2019-02-05,795,10,3,266.97
310,2019-02-05,28,32,5,461.65
311,2019-02-05,852,21,14,1038.66
312,2019-02-05,647,36,19,262.77
313,2019-02-05,132,15,9,127.17
314,2019-02-05,823,12,9,367.74
315,2019-02-05,336,19,10,228.3
316,2019-02-05,803,24,17,297.67
317,2019-02-05,168,29,6,252.3
318,2019-02-05,560,14,3,265.41
319,2019-02-05,357,13,6,119.4
320,2019-02-05,644,39,7,201.88
321,2019-02-05,474,4,20,1363.2
322,2019-02-05,988,10,14,1245.86
323,2019-02-05,126,49,17,1064.2
324,2019-02-05,879,28,7,168.0
325,2019-02-05,885,35,2,191.36
326,2019-02-05,735,50,12,767.76
327,2019-02-05,398,60,7,253.89
328,2019-02-05,964,1,3,19.08
329,2019-02-05,984,41,8,522.8
330,2019-02-05,447,37,6,208.26
331,2019-02-05,921,28,10,149.7
332,2019-02-05,418,6,1,99.22
333,2019-02-05,857,38,4,87.92
334,2019-02-05,129,29,20,663.4
335,2019-02-05,852,34,5,378.25
336,2019-02-05,502,43,14,569.66
337,2019-02-05,572,36,8,110.64
338,2019-02-05,97,35,18,1274.4
339,2019-02-05,439,60,5,206.1
340,2019-02-05,477,7,6,82.98
341,2019-02-05,278,35,4,382.72
342,2019-02-05,374,52,8,782.0
343,2019-02-05,931,8,20,843.8
344,2019-02-05,675,24,14,358.82
345,2019-02-05,147,29,4,236.92
346,2019-02-05,672,39,4,149.8
347,2019-02-05,509,40,6,475.86
348,2019-02-05,608,12,20,851.2
349,2019-02-05,656,16,5,277.25
350,2019-02-05,489,30,19,436.24
351,2019-02-05,61,51,17,819.4
352,2019-02-05,369,45,19,869.63
353,2019-02-05,1000,47,6,289.92
354,2019-02-05,192,48,14,513.38
355,2019-02-05,262,13,18,358.2
356,2019-02-05,474,44,8,245.36
357,2019-02-05,310,30,19,335.92
358,2019-02-05,109,35,9,861.12
359,2019-02-05,215,33,2,164.44
360,2019-02-05,861,60,6,212.7
361,2019-02-05,984,54,17,642.43
362,2019-02-05,992,32,12,1107.96
363,2019-02-05,663,55,18,153.9
364,2019-02-05,128,33,10,822.2
365,2019-02-05,165,59,4,288.2
366,2019-02-05,486,12,15,638.4
367,2019-02-05,103,27,10,360.3
368,2019-02-05,989,27,3,142.23
369,2019-02-05,965,6,2,198.44
370,2019-02-05,46,15,16,226.08
371,2019-02-05,496,38,19,417.62
372,2019-02-05,239,11,10,161.0
373,2019-02-05,767,12,18,589.86
374,2019-02-05,759,17,9,304.02
375,2019-02-05,608,13,4,79.6
376,2019-02-05,775,47,10,483.2
377,2019-02-05,969,29,14,829.22
378,2019-02-05,18,9,2,60.02
379,2019-02-06,336,8,16,675.04
380,2019-02-06,457,6,11,1091.42
381,2019-02-06,59,18,3,168.99
382,2019-02-06,968,50,5,319.9
383,2019-02-06,544,13,10,199.0
384,2019-02-06,848,33,20,1644.4
385,2019-02-06,229,56,10,205.3
386,2019-02-06,404,27,10,474.1
387,2019-02-06,66,49,12,683.64
388,2019-02-06,640,55,5,22.65
389,2019-02-06,956,35,16,1530.88
390,2019-02-06,83,42,10,875.1
391,2019-02-06,984,4,10,681.6
392,2019-02-06,647,5,17,1485.63
393,2019-02-06,146,38,9,102.87
394,2019-02-06,284,17,17,574.26
395,2019-02-06,908,16,7,236.74
396,2019-02-06,899,37,1,61.99
397,2019-02-06,250,2,13,1114.62
398,2019-02-06,273,16,2,110.9
399,2019-02-06,839,18,11,619.63
400,2019-02-06,580,52,20,1974.8
401,2019-02-06,762,34,10,995.4
402,2019-02-06,965,37,11,361.35
403,2019-02-06,849,13,1,19.9
404,2019-02-06,206,39,5,187.25
405,2019-02-06,467,28,6,169.44
406,2019-02-06,941,20,5,435.25
407,2019-02-06,343,9,6,156.66
408,2019-02-06,401,3,11,719.4
409,2019-02-06,808,38,14,307.72
410,2019-02-06,597,35,15,1435.2
411,2019-02-06,753,27,10,403.0
412,2019-02-06,208,47,1,48.32
413,2019-02-06,976,44,9,276.03
414,2019-02-06,652,19,13,296.79
415,2019-02-06,581,54,18,680.22
416,2019-02-06,216,8,17,545.02
417,2019-02-06,885,6,11,1091.42
418,2019-02-06,965,25,13,958.1
419,2019-03-03,488,39,7,144.2
420,2019-03-03,186,21,11,995.28
421,2019-03-03,41,7,18,248.94
422,2019-03-03,529,16,16,887.2
423,2019-03-03,569,46,20,687.0
424,2019-03-03,431,51,14,1054.48
425,2019-03-03,641,4,19,1295.04
426,2019-03-03,608,40,1,79.31
427,2019-03-03,934,13,8,159.2
428,2019-03-03,279,38,2,43.96
429,2019-03-03,672,50,16,1023.68
430,2019-03-03,848,36,18,248.94
431,2019-03-03,511,1,17,108.12
432,2019-03-03,475,53,19,1407.14
433,2019-03-03,43,22,15,903.9
434,2019-03-03,293,39,16,413.44
435,2019-03-03,671,58,10,730.5
436,2019-03-03,713,40,4,317.24
437,2019-03-03,140,55,9,50.04
438,2019-03-03,591,40,17,1321.24
439,2019-03-03,952,49,20,801.2
440,2019-03-03,458,51,13,851.89
441,2019-03-03,831,58,3,173.13
442,2019-03-03,465,41,14,914.9
443,2019-03-03,152,51,20,1506.4
444,2019-03-03,137,59,1,74.28
445,2019-03-03,757,4,7,477.12
446,2019-03-03,462,10,6,533.94
447,2019-03-03,552,23,17,276.59
448,2019-03-03,159,36,1,12.59
449,2019-03-03,471,50,5,319.9
450,2019-03-03,68,5,19,1660.41
451,2019-03-03,166,33,3,246.66
452,2019-03-03,920,26,12,1010.4
453,2019-03-03,391,60,4,110.48
454,2019-03-03,836,4,15,541.8
455,2019-03-03,476,22,13,462.15
456,2019-03-03,824,54,16,604.64
457,2019-03-03,424,39,15,561.75
458,2019-03-03,496,4,5,340.8
459,2019-03-03,377,39,4,149.8
460,2019-03-03,696,5,19,1660.41
461,2019-03-03,909,48,4,146.68
462,2019-03-03,586,8,15,632.85
463,2019-03-04,847,40,5,277.6
464,2019-03-04,339,15,2,19.78
465,2019-03-04,752,7,11,152.13
466,2019-03-04,375,13,19,208.05
467,2019-03-04,930,32,7,646.31
468,2019-03-04,516,26,8,431.12
469,2019-03-04,119,14,15,1491.0
470,2019-03-04,489,2,20,1714.8
471,2019-03-04,250,8,8,337.52
472,2019-03-04,746,39,7,220.22
473,2019-03-04,493,19,16,365.28
474,2019-03-04,32,33,3,246.66
475,2019-03-04,211,24,5,156.3
476,2019-03-04,914,8,18,759.42
477,2019-03-04,194,52,1,50.36
478,2019-03-04,762,30,6,130.86
479,2019-03-04,148,4,11,749.76
480,2019-03-04,52,1,15,50.55
481,2019-03-04,553,16,7,388.15
482,2019-03-04,660,26,20,1684.0
483,2019-03-04,975,3,10,654.0
484,2019-03-04,30,36,14,193.62
485,2019-03-04,11,22,4,241.04
486,2019-03-04,602,45,17,778.09
487,2019-03-04,456,19,19,329.65
488,2019-03-04,289,13,13,258.7
489,2019-03-04,952,32,13,1200.29
490,2019-03-04,746,20,18,1566.9
491,2019-03-04,865,12,16,680.96
492,2019-03-04,427,27,12,568.92
493,2019-03-04,246,51,3,225.96
494,2019-03-04,98,40,9,713.79
495,2019-03-04,607,48,8,293.36
496,2019-03-04,559,12,10,425.6
497,2019-03-04,366,33,16,1315.52
498,2019-03-04,858,6,12,1190.64
499,2019-03-04,396,30,17,390.32
500,2019-03-04,599,24,7,218.82
501,2019-03-04,814,12,13,431.6
502,2019-03-04,505,38,18,253.26
503,2019-03-04,440,36,17,235.11
504,2019-03-04,938,31,20,1115.4
505,2019-03-04,864,42,18,1575.18
506,2019-03-04,903,27,7,331.87
507,2019-03-04,940,5,3,262.17
508,2019-03-04,899,30,12,157.08
509,2019-03-04,819,47,20,966.4
510,2019-03-04,757,22,8,482.08
511,2019-03-04,244,51,6,451.92
512,2019-03-04,136,37,3,185.97
513,2019-03-04,523,32,1,92.33
514,2019-03-04,389,58,20,905.8
515,2019-03-04,652,19,8,127.84
516,2019-03-04,302,33,18,1287.54
517,2019-03-04,601,34,7,696.78
518,2019-03-04,87,27,7,331.87
519,2019-03-04,597,47,2,96.64
520,2019-03-04,896,8,12,369.6
521,2019-03-04,66,40,14,1110.34
522,2019-03-04,845,2,5,428.7
523,2019-03-04,990,56,3,61.59
524,2019-03-04,684,7,20,276.6
525,2019-03-04,976,25,19,1400.3
526,2019-03-04,149,12,11,468.16
527,2019-03-04,116,12,1,42.56
528,2019-03-04,120,18,3,168.99
529,2019-03-04,871,40,8,634.48
530,2019-03-04,22,5,14,1223.46
531,2019-03-04,16,35,7,669.76
532,2019-03-04,27,28,16,451.84
533,2019-03-05,536,8,19,801.61
534,2019-03-05,285,19,9,205.47
535,2019-03-05,647,32,17,1459.79
536,2019-03-05,584,28,4,112.96
537,2019-03-05,146,10,12,1067.88
538,2019-03-05,74,34,8,796.32
539,2019-03-05,834,46,1,60.73
540,2019-03-05,532,56,2,39.82
541,2019-03-05,87,25,14,577.78
542,2019-03-05,4,37,12,743.88
543,2019-03-05,719,10,1,58.73
544,2019-03-05,745,14,8,795.2
545,2019-03-05,784,16,13,720.85
546,2019-03-05,605,57,2,137.26
547,2019-03-05,122,54,19,718.01
548,2019-03-05,1000,43,5,203.45
549,2019-03-05,161,10,15,1334.85
550,2019-03-05,963,22,18,1084.68
551,2019-03-05,211,53,20,1436.8
552,2019-03-05,195,40,15,1189.65
553,2019-03-05,795,55,11,94.05
554,2019-03-05,204,2,1,54.87
555,2019-03-05,456,35,13,1206.53
556,2019-03-05,485,52,14,1382.36
557,2019-03-05,335,12,10,425.6
558,2019-03-05,309,26,4,336.8
559,2019-03-05,561,13,16,318.4
560,2019-03-05,903,42,4,350.04
561,2019-03-05,458,25,14,1031.8
562,2019-03-05,605,59,6,445.68
563,2019-03-05,820,30,13,298.48
564,2019-03-05,999,23,7,113.89
565,2019-03-05,708,36,2,27.66
566,2019-03-05,122,18,1,56.33
567,2019-03-05,742,8,13,548.47
568,2019-03-05,550,30,9,206.64
569,2019-03-05,973,59,16,1188.48
570,2019-03-05,668,40,5,396.55
571,2019-03-05,15,34,3,298.62
572,2019-03-05,449,2,2,171.48
573,2019-03-05,554,11,11,236.17
574,2019-03-05,929,52,19,1876.06
575,2019-03-05,187,41,5,222.2
576,2019-03-05,529,8,5,210.95
577,2019-03-05,542,59,1,74.28
578,2019-03-05,605,49,6,375.6
579,2019-03-05,677,36,9,124.47
580,2019-03-05,975,47,6,162.36
581,2019-03-05,418,33,14,1151.08
582,2019-03-05,17,45,18,560.16
583,2019-03-05,534,11,14,300.58
584,2019-03-05,755,33,4,203.92
585,2019-03-05,873,45,2,91.54
586,2019-03-05,949,17,6,202.68
587,2019-03-05,972,33,13,1068.86
588,2019-03-05,304,36,3,31.53
589,2019-03-05,418,42,11,962.61
590,2019-03-05,791,25,3,221.1
591,2019-03-05,563,40,11,872.41
592,2019-03-05,550,28,6,169.44
593,2019-03-05,715,57,18,1235.34
594,2019-03-05,344,38,8,175.84
595,2019-03-05,627,3,15,981.0
596,2019-03-05,832,6,19,1885.18
597,2019-03-05,948,28,10,282.4
598,2019-03-05,695,30,12,275.52
599,2019-03-05,200,26,19,1215.81
600,2019-03-06,48,45,1,45.77
601,2019-03-06,108,14,19,1888.6
602,2019-03-06,122,22,1,60.26
603,2019-03-06,501,29,16,947.68
604,2019-03-06,361,58,4,292.2
605,2019-03-06,597,35,16,1530.88
606,2019-03-06,570,2,5,428.7
607,2019-03-06,580,56,5,99.55
608,2019-03-06,501,43,16,651.04
609,2019-03-06,561,43,11,447.59
610,2019-03-06,152,4,16,1090.56
611,2019-03-06,629,24,13,406.38
612,2019-03-06,470,57,1,68.63
613,2019-03-06,976,47,20,966.4
614,2019-03-06,665,21,10,678.6
615,2019-03-06,784,29,5,296.15
616,2019-03-06,363,40,4,317.24
617,2019-03-06,487,49,4,250.4
618,2019-03-06,627,22,10,602.6
619,2019-03-06,975,28,10,265.5
620,2019-03-06,374,17,10,337.8
621,2019-03-06,248,32,1,84.94
622,2019-03-06,24,27,4,189.64
623,2019-03-06,247,40,3,237.93
624,2019-03-06,906,30,2,45.92
625,2019-03-06,924,27,7,209.09
626,2019-03-06,12,35,18,1722.24
627,2019-03-06,847,28,15,423.6
628,2019-03-06,973,37,18,1115.82
629,2019-03-06,415,25,5,368.5
630,2019-03-06,583,42,7,612.57
631,2019-03-06,870,20,10,870.5
632,2019-03-06,794,30,18,413.28
633,2019-03-06,959,11,20,429.4
634,2019-03-06,657,2,19,1629.06
635,2019-03-06,658,56,4,82.12
636,2019-03-06,963,53,19,1407.14
637,2019-03-06,153,19,8,182.64
638,2019-03-06,320,48,3,83.61
639,2019-03-06,284,54,4,87.68
640,2019-03-06,862,25,4,294.8
641,2019-03-06,771,21,2,180.96
642,2019-03-06,519,52,1,98.74
643,2019-03-06,432,59,13,965.64
644,2019-03-06,820,59,20,1485.6
645,2019-03-06,814,58,2,146.1
646,2019-03-06,842,46,19,1165.46
647,2019-04-03,442,4,14,534.38
648,2019-04-03,358,45,16,732.32
649,2019-04-03,796,57,4,274.52
650,2019-04-03,167,52,17,1678.58
651,2019-04-03,874,39,9,337.05
652,2019-04-03,544,56,2,41.06
653,2019-04-03,842,3,9,441.45
654,2019-04-03,934,20,19,1653.95
655,2019-04-03,919,21,13,1176.24
656,2019-04-03,765,59,17,1262.76
657,2019-04-03,764,22,20,1205.2
658,2019-04-03,997,43,10,406.9
659,2019-04-03,267,34,1,60.72
660,2019-04-03,877,38,3,65.94
661,2019-04-03,975,28,2,56.48
662,2019-04-03,561,36,4,55.32
663,2019-04-03,935,13,11,218.9
664,2019-04-03,340,4,9,613.44
665,2019-04-03,345,39,11,358.38
666,2019-04-03,418,31,16,892.32
667,2019-04-03,671,29,20,1184.6
668,2019-04-03,365,2,19,1629.06
669,2019-04-03,207,57,3,205.89
670,2019-04-03,210,21,20,1809.6
671,2019-04-03,920,23,19,197.79
672,2019-04-03,98,59,14,1039.92
673,2019-04-03,943,43,4,151.36
674,2019-04-03,60,17,17,516.8
675,2019-04-03,628,35,17,1626.56
676,2019-04-03,542,4,18,1226.88
677,2019-04-03,410,58,16,1168.8
678,2019-04-03,380,25,10,434.8
679,2019-04-03,477,7,2,27.66
680,2019-04-03,319,22,18,1084.68
681,2019-04-03,760,43,5,203.45
682,2019-04-03,501,8,15,550.65
683,2019-04-03,172,23,17,276.59
684,2019-04-03,589,55,8,68.4
685,2019-04-03,891,47,17,821.44
686,2019-04-03,990,52,9,888.66
687,2019-04-03,341,23,8,130.16
688,2019-04-03,515,23,16,260.32
689,2019-04-03,674,7,9,113.31
690,2019-04-03,635,60,2,81.62
691,2019-04-03,132,16,14,776.3
692,2019-04-04,191,56,13,266.89
693,2019-04-04,142,49,16,941.44
694,2019-04-04,477,42,10,875.1
695,2019-04-04,123,44,8,245.36
696,2019-04-04,582,59,14,675.92
697,2019-04-04,75,52,9,862.02
698,2019-04-04,969,6,20,1984.4
699,2019-04-04,742,45,8,190.4
700,2019-04-04,837,57,4,274.52
701,2019-04-04,411,44,17,297.16
702,2019-04-04,188,21,17,1538.16
703,2019-04-04,135,8,18,759.42
704,2019-04-04,930,9,1,27.31
705,2019-04-04,441,31,16,892.32
706,2019-04-04,127,56,3,61.59
707,2019-04-04,447,38,14,307.72
708,2019-04-04,707,16,18,998.1
709,2019-04-04,91,13,20,398.0
710,2019-04-04,110,11,10,163.2
711,2019-04-04,532,1,6,38.16
712,2019-04-04,170,11,8,171.76
713,2019-04-04,786,7,9,124.47
714,2019-04-04,286,38,14,187.74
715,2019-04-04,860,56,18,214.38
716,2019-04-04,103,19,11,150.7
717,2019-04-04,496,5,7,318.08
718,2019-04-04,67,23,9,95.22
719,2019-04-04,557,35,8,459.28
720,2019-04-04,92,49,1,62.6
721,2019-04-04,535,16,19,1053.55
722,2019-04-04,836,30,19,436.24
723,2019-04-04,779,5,10,873.9
724,2019-04-04,897,12,1,42.56
725,2019-04-04,547,49,5,313.0
726,2019-04-04,301,60,6,247.32
727,2019-04-04,750,45,13,559.26
728,2019-04-04,356,12,19,638.78
729,2019-04-04,766,29,15,888.45
730,2019-04-04,917,31,8,361.36
731,2019-04-04,604,18,10,563.3
732,2019-04-04,735,5,3,262.17
733,2019-04-04,578,9,12,360.12
734,2019-04-04,412,42,19,1662.69
735,2019-04-04,919,60,14,577.08
736,2019-04-04,160,20,2,174.1
737,2019-04-04,778,24,18,562.68
738,2019-04-04,1000,57,9,617.67
739,2019-04-04,628,49,14,876.4
740,2019-04-04,840,38,13,285.74
741,2019-04-04,322,6,11,1091.42
742,2019-04-04,436,41,12,713.64
743,2019-04-04,653,47,16,773.12
744,2019-04-04,973,26,5,421.0
745,2019-04-04,928,48,8,293.36
746,2019-04-04,541,18,8,450.64
747,2019-04-06,665,13,4,79.6
748,2019-04-06,796,45,16,732.32
749,2019-04-06,753,23,16,260.32
750,2019-04-06,550,44,14,429.38
751,2019-04-06,211,51,14,1054.48
752,2019-04-06,241,46,3,184.02
753,2019-04-06,392,26,13,1094.6
754,2019-04-06,645,46,7,429.38
755,2019-04-06,580,54,16,604.64
756,2019-04-06,470,14,9,599.4
757,2019-04-06,890,50,13,831.74
758,2019-04-06,921,12,19,808.64
759,2019-04-06,758,57,10,686.3
760,2019-04-06,97,1,19,120.84
761,2019-04-06,846,41,9,588.15
762,2019-04-06,888,35,11,1052.48
763,2019-04-06,46,8,3,126.57
764,2019-04-06,45,21,7,633.36
765,2019-04-06,121,4,14,954.24
766,2019-04-06,151,21,19,1289.34
767,2019-04-06,438,38,20,356.0
768,2019-04-06,4,37,12,743.88
769,2019-04-06,280,38,17,373.66
770,2019-04-06,451,26,4,336.8
771,2019-04-06,674,30,15,344.4
772,2019-04-06,207,43,8,325.52
773,2019-04-06,230,23,18,292.86
774,2019-04-06,310,56,15,307.95
775,2019-04-06,588,22,10,602.6
776,2019-04-06,821,45,4,183.08
777,2019-04-06,63,47,14,676.48
778,2019-04-06,921,27,19,900.79
779,2019-04-06,73,17,16,540.48
780,2019-04-06,835,27,10,474.1
781,2019-05-03,91,30,5,114.8
782,2019-05-03,825,38,7,153.86
783,2019-05-03,869,57,4,274.52
784,2019-05-03,781,28,9,254.16
785,2019-05-03,796,40,16,1268.96
786,2019-05-03,923,55,8,68.4
787,2019-05-03,222,5,11,961.29
788,2019-05-03,663,32,13,1200.29
789,2019-05-03,314,57,15,772.05
790,2019-05-03,581,26,8,673.6
791,2019-05-03,627,16,1,51.01
792,2019-05-03,952,37,18,1115.82
793,2019-05-03,775,34,7,696.78
794,2019-05-03,137,39,11,411.95
795,2019-05-03,548,30,8,152.48
796,2019-05-03,205,26,7,589.4
797,2019-05-03,995,4,9,582.75
798,2019-05-03,95,9,11,320.21
799,2019-05-03,744,28,9,226.17
800,2019-05-03,7,2,12,1028.88
801,2019-05-03,693,40,19,1506.89
802,2019-05-03,251,14,7,695.8
803,2019-05-03,117,4,12,817.92
804,2019-05-03,683,15,13,183.69
805,2019-05-03,565,22,15,903.9
806,2019-05-03,773,19,18,410.94
807,2019-05-03,735,18,7,394.31
808,2019-05-03,666,41,2,74.5
809,2019-05-03,402,43,3,122.07
810,2019-05-03,539,43,2,81.38
811,2019-05-03,679,50,11,703.78
812,2019-05-03,371,36,19,262.77
813,2019-05-04,147,46,12,736.08
814,2019-05-04,618,42,18,1386.18
815,2019-05-04,83,18,4,225.32
816,2019-05-04,139,18,18,1013.94
817,2019-05-04,450,14,18,894.6
818,2019-05-04,697,1,3,19.08
819,2019-05-04,549,47,20,966.4
820,2019-05-04,805,54,6,226.74
821,2019-05-04,349,12,1,42.56
822,2019-05-04,126,41,12,784.2
823,2019-05-04,748,26,13,919.49
824,2019-05-04,220,3,16,1046.4
825,2019-05-04,992,45,3,137.31
826,2019-05-04,982,25,4,173.92
827,2019-05-04,457,55,19,162.45
828,2019-05-04,918,57,3,185.31
829,2019-05-04,203,6,7,694.54
830,2019-05-04,423,43,19,773.11
831,2019-05-04,987,47,9,434.88
832,2019-05-04,69,30,16,216.8
833,2019-05-04,316,43,20,813.8
834,2019-05-04,235,60,15,618.3
835,2019-05-04,910,21,5,452.4
836,2019-05-04,171,57,6,411.78
837,2019-05-04,464,48,19,599.26
838,2019-05-04,88,55,7,59.85
839,2019-05-04,38,17,7,236.46
840,2019-05-04,782,19,14,319.62
841,2019-05-04,598,50,2,99.8
842,2019-05-04,604,36,17,209.27
843,2019-05-04,508,12,3,127.68
844,2019-05-04,424,37,3,185.97
845,2019-05-04,306,48,15,456.6
846,2019-05-04,767,48,20,689.4
847,2019-05-04,132,29,17,1006.91
848,2019-05-04,402,16,8,443.6
849,2019-05-04,171,35,5,478.4
850,2019-05-04,70,47,12,579.84
851,2019-05-04,352,1,11,62.26
852,2019-05-04,67,36,2,27.66
853,2019-05-04,850,18,12,675.96
854,2019-05-04,972,1,16,101.76
855,2019-05-04,732,56,13,266.89
856,2019-05-04,921,17,11,371.58
857,2019-05-04,214,28,7,197.68
858,2019-05-04,607,18,1,56.33
859,2019-05-04,280,43,20,813.8
860,2019-05-04,883,56,13,266.89
861,2019-05-04,954,55,11,94.05
862,2019-05-04,994,45,1,40.74
863,2019-05-04,203,55,6,51.3
864,2019-05-04,729,45,9,411.93
865,2019-05-04,648,4,20,1145.0
866,2019-05-04,200,27,8,379.28
867,2019-05-04,224,37,5,309.95
868,2019-05-04,276,36,6,65.58
869,2019-05-04,263,46,14,858.76
870,2019-05-05,482,58,10,730.5
871,2019-05-05,444,10,6,533.94
872,2019-05-05,274,20,16,696.48
873,2019-05-05,921,44,11,337.37
874,2019-05-05,868,45,7,320.39
875,2019-05-05,164,10,14,1245.86
876,2019-05-05,536,45,5,228.85
877,2019-05-05,798,10,7,423.57
878,2019-05-05,36,11,6,128.82
879,2019-05-05,182,16,17,942.65
880,2019-05-05,534,16,13,475.8
881,2019-05-05,533,54,12,453.48
882,2019-05-05,43,8,14,590.66
883,2019-05-05,654,45,6,274.62
884,2019-05-05,730,48,1,36.67
885,2019-05-05,192,47,8,386.56
886,2019-05-05,182,3,18,1177.2
887,2019-05-05,538,59,7,519.96
888,2019-05-05,353,31,14,780.78
889,2019-05-05,222,23,13,211.51
890,2019-05-05,919,5,16,1398.24
891,2019-05-05,127,44,9,165.6
892,2019-05-05,870,31,9,366.39
893,2019-05-05,607,13,7,139.3
894,2019-05-05,539,10,18,1601.82
895,2019-05-05,961,4,9,613.44
896,2019-05-05,210,14,14,1391.6
897,2019-05-05,176,37,14,867.86
898,2019-05-05,888,5,5,436.95
899,2019-05-05,795,2,4,342.96
900,2019-05-05,956,50,8,337.84
901,2019-05-05,697,8,7,295.33
902,2019-05-05,916,52,18,1777.32
903,2019-05-05,445,6,18,1250.1
904,2019-05-05,849,21,18,1628.64
905,2019-05-05,995,35,20,1626.6
906,2019-05-05,222,45,13,595.01
907,2019-05-06,177,52,2,197.48
908,2019-05-06,648,24,6,187.56
909,2019-05-06,405,20,7,609.35
910,2019-05-06,3,19,15,342.45
911,2019-05-06,115,60,15,618.3
912,2019-05-06,238,26,14,1178.8
913,2019-05-06,343,2,14,1200.36
914,2019-05-06,572,4,2,136.32
915,2019-05-06,151,34,2,137.36
916,2019-05-06,460,58,17,1241.85
917,2019-05-06,439,24,13,406.38
918,2019-05-06,514,11,8,171.76
919,2019-05-06,85,56,18,369.54
920,2019-05-06,507,36,12,165.96
921,2019-05-06,606,12,6,255.36
922,2019-05-06,847,6,12,1190.64
923,2019-05-06,199,18,5,278.85
924,2019-05-06,87,59,14,1039.92
925,2019-05-06,127,19,5,114.15
926,2019-05-06,27,15,20,282.6
927,2019-05-06,125,18,13,732.29
928,2019-05-06,387,43,1,32.96
929,2019-05-06,936,56,15,307.95
930,2019-05-06,643,11,13,279.11
931,2019-05-06,561,42,17,862.92
932,2019-05-06,812,50,17,1087.66
933,2019-05-06,38,46,15,920.1
934,2019-05-06,152,27,8,379.28
935,2019-05-06,193,35,2,172.22
936,2019-05-06,402,24,2,37.52
937,2019-05-06,363,8,12,465.72
938,2019-05-06,587,38,14,307.72
939,2019-05-06,234,28,9,223.65
940,2019-05-06,69,3,8,361.04
941,2019-05-06,242,38,18,395.64
942,2019-05-06,594,28,15,423.6
943,2019-05-06,594,31,9,501.93
944,2019-05-06,743,10,12,1067.88
945,2019-05-06,270,60,8,329.76
946,2019-05-06,888,43,20,813.8
947,2019-06-03,645,58,17,1117.75
948,2019-06-03,416,1,17,108.12
949,2019-06-03,324,22,8,366.4
950,2019-06-03,136,34,5,428.0
951,2019-06-03,278,11,19,407.93
952,2019-06-03,157,54,15,566.85
953,2019-06-03,243,45,2,91.54
954,2019-06-03,179,58,10,730.5
955,2019-06-03,641,14,9,894.6
956,2019-06-03,167,21,1,90.48
957,2019-06-03,156,41,19,893.95
958,2019-06-03,174,3,6,392.4
959,2019-06-03,274,25,7,515.9
960,2019-06-03,892,3,11,719.4
961,2019-06-03,47,27,8,379.28
962,2019-06-03,860,19,12,183.6
963,2019-06-03,677,26,10,564.1
964,2019-06-03,429,11,16,343.52
965,2019-06-03,415,3,15,981.0
966,2019-06-03,596,39,1,37.45
967,2019-06-03,284,2,3,257.22
968,2019-06-03,157,29,13,769.99
969,2019-06-03,678,21,10,904.8
970,2019-06-03,683,18,18,1013.94
971,2019-06-03,240,36,12,165.96
972,2019-06-03,938,54,12,453.48
973,2019-06-03,454,15,16,158.24
974,2019-06-03,840,17,3,101.34
975,2019-06-03,789,12,15,421.35
976,2019-06-03,988,32,10,923.3
977,2019-06-03,243,35,18,1722.24
978,2019-06-03,294,44,10,306.7
979,2019-06-03,729,13,8,159.2
980,2019-06-03,181,42,15,813.9
981,2019-06-03,799,40,14,1110.34
982,2019-06-03,761,52,16,1579.84
983,2019-06-03,909,8,6,253.14
984,2019-06-03,702,11,13,279.11
985,2019-06-03,279,13,8,128.96
986,2019-06-03,368,3,5,327.0
987,2019-06-03,818,46,4,245.36
988,2019-06-03,520,2,17,1457.58
989,2019-06-03,946,59,6,445.68
990,2019-06-03,68,12,17,477.53
991,2019-06-03,306,30,4,74.4
992,2019-06-03,116,49,17,1064.2
993,2019-06-04,439,33,5,411.1
994,2019-06-04,923,2,8,480.16
995,2019-06-04,515,47,6,289.92
996,2019-06-04,198,20,7,609.35
997,2019-06-04,96,27,14,663.74
998,2019-06-04,181,7,2,27.66
999,2019-06-04,951,54,4,87.68
1000,2019-06-04,435,20,18,1143.9
1001,2019-06-04,702,49,19,677.92
1002,2019-06-04,91,49,14,876.4
1003,2019-06-04,673,20,19,1653.95
1004,2019-06-04,628,28,12,338.88
1005,2019-06-04,249,28,12,338.88
1006,2019-06-04,552,54,14,529.06
1007,2019-06-04,459,35,19,1817.92
1008,2019-06-04,640,26,11,926.2
1009,2019-06-04,174,7,15,207.45
1010,2019-06-04,567,32,10,923.3
1011,2019-06-04,222,21,7,633.36
1012,2019-06-04,549,45,16,732.32
1013,2019-06-04,597,25,18,1326.6
1014,2019-06-04,908,2,3,257.22
1015,2019-06-04,481,54,2,75.58
1016,2019-06-04,823,37,7,433.93
1017,2019-06-04,602,48,14,513.38
1018,2019-06-04,98,25,19,1400.3
1019,2019-06-04,487,50,15,959.7
1020,2019-06-04,978,48,6,220.02
1021,2019-06-04,292,37,11,681.89
1022,2019-06-04,300,44,1,30.67
1023,2019-06-04,843,33,6,271.32
1024,2019-06-04,917,60,4,87.4
1025,2019-06-04,853,20,9,783.45
1026,2019-06-04,343,5,6,524.34
1027,2019-06-04,736,58,3,219.15
1028,2019-06-04,7,26,19,1599.8
1029,2019-06-04,985,32,15,1384.95
1030,2019-06-04,876,20,17,1479.85
1031,2019-06-04,297,7,5,36.65
1032,2019-06-04,747,30,17,390.32
1033,2019-06-04,680,13,10,199.0
1034,2019-06-04,815,55,7,41.3
1035,2019-06-04,9,14,9,894.6
1036,2019-06-04,973,17,13,245.96
1037,2019-06-04,80,55,18,153.9
1038,2019-06-04,295,44,3,92.01
1039,2019-06-04,611,4,2,69.52
1040,2019-06-04,408,19,10,228.3
1041,2019-06-04,191,27,8,379.28
1042,2019-06-04,75,37,18,1115.82
1043,2019-06-04,35,29,5,296.15
1044,2019-06-04,98,25,11,810.7
1045,2019-06-04,605,28,20,564.8
1046,2019-06-04,444,1,13,82.68
1047,2019-06-04,579,38,3,65.94
1048,2019-06-04,160,55,10,85.5
1049,2019-06-04,232,43,14,501.34
1050,2019-06-04,143,40,11,872.41
1051,2019-06-05,751,39,5,174.15
1052,2019-06-05,60,21,20,1809.6
1053,2019-06-05,270,9,4,120.04
1054,2019-06-05,509,47,4,193.28
1055,2019-06-05,550,60,16,659.52
1056,2019-06-05,823,60,10,412.2
1057,2019-06-05,853,59,1,74.28
1058,2019-06-05,964,53,20,948.0
1059,2019-06-05,863,5,10,873.9
1060,2019-06-05,944,28,8,225.92
1061,2019-06-05,256,51,5,376.6
1062,2019-06-05,606,32,3,276.99
1063,2019-06-05,848,37,7,433.93
1064,2019-06-05,380,14,16,1240.48
1065,2019-06-05,610,13,17,338.3
1066,2019-06-05,855,16,1,47.13
1067,2019-06-05,443,51,5,376.6
1068,2019-06-05,754,12,11,266.86
1069,2019-06-05,139,45,5,228.85
1070,2019-06-05,494,2,16,1371.84
1071,2019-06-05,651,29,6,184.8
1072,2019-06-05,48,20,1,87.05
1073,2019-06-05,285,23,10,162.7
1074,2019-06-05,279,9,2,60.02
1075,2019-06-05,204,34,14,1393.56
1076,2019-06-05,403,35,19,1745.15
1077,2019-06-05,376,55,19,162.45
1078,2019-06-05,170,36,9,64.71
1079,2019-06-05,638,16,9,499.05
1080,2019-06-05,151,54,19,718.01
1081,2019-06-05,744,57,2,137.26
1082,2019-06-05,781,37,14,867.86
1083,2019-06-05,47,5,15,1310.85
1084,2019-06-05,655,11,11,236.17
1085,2019-06-05,147,9,7,210.07
1086,2019-06-05,196,15,2,28.26
1087,2019-06-05,681,22,9,455.58
1088,2019-06-05,163,48,17,623.39
1089,2019-06-05,826,1,4,25.44
1090,2019-06-06,139,39,15,561.75
1091,2019-06-06,876,57,9,617.67
1092,2019-06-06,329,56,8,164.24
1093,2019-06-06,568,11,9,193.23
1094,2019-06-06,25,35,14,1339.52
1095,2019-06-06,671,42,20,1750.2
1096,2019-06-06,541,33,13,1068.86
1097,2019-06-06,183,52,5,493.7
1098,2019-06-06,617,10,3,213.57
1099,2019-06-06,869,58,5,365.25
1100,2019-06-06,58,39,8,299.6
1101,2019-06-06,733,48,2,73.34
1102,2019-06-06,55,4,4,177.2
1103,2019-06-06,3,29,10,592.3
1104,2019-06-06,630,57,12,823.56
1105,2019-06-06,368,30,5,114.8
1106,2019-06-06,715,28,4,112.96
1107,2019-06-06,793,23,3,48.81
1108,2019-06-06,408,11,19,407.93
1109,2019-06-06,459,52,7,421.61
1110,2019-06-06,490,6,20,1984.4
1111,2019-06-06,517,26,4,336.8
1112,2019-06-06,415,29,5,293.2
1113,2019-06-06,334,14,15,1177.95
1114,2019-06-06,447,23,9,146.43
1115,2019-06-06,463,21,20,1809.6
1116,2019-06-06,54,31,19,762.85
1117,2019-06-06,332,58,9,368.19
1118,2019-06-06,880,25,8,336.08
1119,2019-06-06,308,45,4,183.08
1120,2019-06-06,339,33,1,82.22
1121,2019-06-06,290,9,6,180.06
1122,2019-06-06,485,15,7,75.18
1123,2019-06-06,140,59,18,1337.04
1124,2019-06-06,926,21,16,1447.68
1125,2019-06-06,963,12,6,255.36
1126,2019-06-06,696,39,14,524.3
1127,2019-06-06,398,21,2,180.96
1128,2019-06-06,243,54,16,604.64
1129,2019-06-06,932,27,9,426.69
1130,2019-06-06,401,55,16,69.76
1131,2019-06-06,667,59,4,294.16
1132,2019-06-06,697,46,15,717.75
1133,2019-07-03,935,48,6,220.02
1134,2019-07-03,346,35,12,1148.16
1135,2019-07-03,814,57,19,1069.32
1136,2019-07-03,897,39,8,299.6
1137,2019-07-03,861,1,15,95.4
1138,2019-07-03,128,12,14,488.6
1139,2019-07-03,701,50,11,703.78
1140,2019-07-03,29,30,1,22.96
1141,2019-07-03,994,3,14,915.6
1142,2019-07-03,535,30,20,459.2
1143,2019-07-03,357,51,9,677.88
1144,2019-07-03,392,20,2,174.1
1145,2019-07-03,285,18,16,901.28
1146,2019-07-03,130,41,3,196.05
1147,2019-07-03,544,53,2,148.12
1148,2019-07-03,142,30,16,367.36
1149,2019-07-03,116,11,9,193.23
1150,2019-07-03,609,41,18,1176.3
1151,2019-07-03,384,34,19,1891.26
1152,2019-07-03,83,1,2,12.72
1153,2019-07-03,189,33,19,1562.18
1154,2019-07-03,153,25,6,442.2
1155,2019-07-03,853,55,2,17.1
1156,2019-07-03,117,32,16,1477.28
1157,2019-07-03,966,35,10,956.8
1158,2019-07-03,760,23,14,227.78
1159,2019-07-03,340,12,3,127.68
1160,2019-07-03,286,60,1,41.22
1161,2019-07-03,800,25,5,224.8
1162,2019-07-03,23,51,17,1280.44
1163,2019-07-03,630,13,20,398.0
1164,2019-07-03,268,36,7,96.81
1165,2019-07-03,971,10,20,1779.8
1166,2019-07-03,548,34,17,1692.18
1167,2019-07-03,266,10,20,1779.8
1168,2019-07-03,408,8,12,506.28
1169,2019-07-03,250,29,16,587.52
1170,2019-07-03,873,50,17,1000.62
1171,2019-07-04,94,20,9,532.71
1172,2019-07-04,206,44,10,217.8
1173,2019-07-04,957,8,11,464.09
1174,2019-07-04,837,20,6,522.3
1175,2019-07-04,816,52,9,888.66
1176,2019-07-04,137,51,18,1098.18
1177,2019-07-04,220,25,8,589.6
1178,2019-07-04,889,3,6,392.4
1179,2019-07-04,928,49,13,813.8
1180,2019-07-04,92,46,1,53.37
1181,2019-07-04,743,45,18,535.5
1182,2019-07-04,762,38,4,51.88
1183,2019-07-04,971,13,20,398.0
1184,2019-07-04,770,49,17,1064.2
1185,2019-07-04,842,38,8,87.92
1186,2019-07-04,334,52,19,994.27
1187,2019-07-04,725,26,18,1045.8
1188,2019-07-04,215,57,14,960.82
1189,2019-07-04,572,31,2,111.54
1190,2019-07-04,84,21,18,1628.64
1191,2019-07-04,469,18,7,394.31
1192,2019-07-04,800,31,3,167.31
1193,2019-07-04,290,34,7,696.78
1194,2019-07-04,15,5,1,86.52
1195,2019-07-04,406,16,20,1086.8
1196,2019-07-04,611,22,17,819.57
1197,2019-07-04,143,14,12,1192.8
1198,2019-07-04,882,14,19,1888.6
1199,2019-07-04,598,54,4,151.16
1200,2019-07-04,810,28,20,564.8
1201,2019-07-04,494,26,6,490.02
1202,2019-07-04,224,28,19,536.56
1203,2019-07-04,216,21,20,1809.6
1204,2019-07-04,799,35,17,975.97
1205,2019-07-04,513,54,3,113.37
1206,2019-07-04,895,53,9,393.3
1207,2019-07-04,107,12,17,723.52
1208,2019-07-04,247,51,3,225.96
1209,2019-07-04,808,46,18,1104.12
1210,2019-07-04,556,55,15,128.25
1211,2019-07-04,739,53,2,148.12
1212,2019-07-04,441,18,4,225.32
1213,2019-07-04,820,7,9,85.86
1214,2019-07-04,303,7,14,193.62
1215,2019-07-04,707,42,4,315.04
1216,2019-07-04,425,55,12,102.6
1217,2019-07-04,59,12,11,468.16
1218,2019-07-04,628,5,14,1223.46
1219,2019-07-04,518,58,14,1022.7
1220,2019-07-04,731,58,20,1052.0
1221,2019-07-04,306,31,11,613.47
1222,2019-07-04,272,35,10,956.8
1223,2019-07-04,134,55,5,42.75
1224,2019-07-04,763,51,16,1205.12
1225,2019-07-04,104,26,11,926.2
1226,2019-07-04,799,26,11,926.2
1227,2019-07-04,635,41,4,261.4
1228,2019-07-05,928,14,13,1292.2
1229,2019-07-05,902,55,20,171.0
1230,2019-07-05,207,42,5,223.15
1231,2019-07-05,382,34,19,1891.26
1232,2019-07-05,237,40,16,1268.96
1233,2019-07-05,220,13,20,278.6
1234,2019-07-05,487,8,10,421.9
1235,2019-07-05,830,10,2,128.14
1236,2019-07-05,486,30,12,275.52
1237,2019-07-05,392,4,2,136.32
1238,2019-07-05,384,60,9,370.98
1239,2019-07-05,229,8,20,616.0
1240,2019-07-05,621,4,11,749.76
1241,2019-07-05,680,42,16,1400.16
1242,2019-07-05,60,35,18,1722.24
1243,2019-07-05,676,3,4,245.92
1244,2019-07-05,874,47,9,434.88
1245,2019-07-05,33,46,20,1226.8
1246,2019-07-05,677,16,2,72.08
1247,2019-07-05,907,42,3,262.53
1248,2019-07-05,144,8,5,210.95
1249,2019-07-05,789,26,13,1094.6
1250,2019-07-05,329,48,1,36.67
1251,2019-07-05,935,19,6,136.98
1252,2019-07-05,477,39,19,711.55
1253,2019-07-05,445,59,12,811.08
1254,2019-07-05,553,14,14,1391.6
1255,2019-07-05,971,3,10,654.0
1256,2019-07-05,273,60,18,741.96
1257,2019-07-05,896,29,4,236.92
1258,2019-07-05,324,16,14,776.3
1259,2019-07-05,259,58,7,470.47
1260,2019-07-05,852,8,18,630.36
1261,2019-07-05,918,53,17,1259.02
1262,2019-07-05,829,18,17,957.61
1263,2019-07-05,424,31,15,836.55
1264,2019-07-05,556,46,14,858.76
1265,2019-07-05,142,60,15,618.3
1266,2019-07-05,543,19,6,89.04
1267,2019-07-05,8,5,17,876.52
1268,2019-07-05,586,20,12,585.0
1269,2019-07-05,780,51,14,1054.48
1270,2019-07-05,346,2,10,857.4
1271,2019-07-06,155,29,6,355.38
1272,2019-07-06,565,59,3,222.84
1273,2019-07-06,592,12,1,42.56
1274,2019-07-06,109,25,20,1474.0
1275,2019-07-06,321,30,2,45.92
1276,2019-07-06,245,9,15,405.15
1277,2019-07-06,780,30,8,183.68
1278,2019-07-06,657,31,10,457.3
1279,2019-07-06,111,38,5,109.9
1280,2019-07-06,494,34,7,696.78
1281,2019-07-06,42,26,11,926.2
1282,2019-07-06,276,51,11,687.72
1283,2019-07-06,889,39,6,217.98
1284,2019-07-06,405,51,3,149.13
1285,2019-07-06,331,43,13,523.64
1286,2019-07-06,382,18,19,1070.27
1287,2019-07-06,119,9,10,300.1
1288,2019-07-06,401,40,15,1189.65
1289,2019-07-06,431,7,12,165.96
1290,2019-07-06,974,28,4,75.68
1291,2019-07-06,173,44,12,320.16
1292,2019-07-06,8,9,12,288.12
1293,2019-07-06,811,14,13,1292.2
1294,2019-07-06,278,53,3,222.18
1295,2019-07-06,527,54,3,113.37
1296,2019-07-06,220,7,16,221.28
1297,2019-07-06,906,48,12,440.04
1298,2019-07-06,479,43,10,406.9
1299,2019-07-06,139,26,16,1037.28
1300,2019-07-06,578,55,20,155.6
1301,2019-07-06,903,19,16,365.28
1302,2019-07-06,450,34,1,99.54
1303,2019-07-06,728,52,20,1303.4
1304,2019-07-06,291,48,13,476.71
1305,2019-07-06,976,9,13,351.13
1306,2019-07-06,261,2,19,1629.06
1307,2019-07-06,269,56,16,328.48
1308,2019-07-06,595,22,3,180.78
1309,2019-07-06,344,54,13,491.27
1310,2019-07-06,307,36,4,55.32
1311,2019-07-06,56,30,2,45.92
1312,2019-07-06,574,53,19,1407.14
1313,2019-07-06,415,21,7,633.36
1314,2019-07-06,753,46,16,981.44
1315,2019-07-06,291,36,18,248.94
1316,2019-08-03,1000,41,1,65.35
1317,2019-08-03,372,17,7,236.46
1318,2019-08-03,542,21,8,723.84
1319,2019-08-03,916,35,16,857.28
1320,2019-08-03,593,50,14,447.86
1321,2019-08-03,460,26,13,1094.6
1322,2019-08-03,698,22,9,542.34
1323,2019-08-03,768,43,3,122.07
1324,2019-08-03,269,11,10,107.4
1325,2019-08-03,49,32,9,830.97
1326,2019-08-03,678,56,1,20.53
1327,2019-08-03,188,23,9,146.43
1328,2019-08-03,901,11,20,429.4
1329,2019-08-03,187,27,13,616.33
1330,2019-08-03,330,51,17,1280.44
1331,2019-08-03,147,5,5,266.55
1332,2019-08-03,99,21,5,452.4
1333,2019-08-03,571,11,20,283.4
1334,2019-08-03,91,40,5,396.55
1335,2019-08-03,742,5,7,311.99
1336,2019-08-03,842,44,11,276.65
1337,2019-08-03,687,37,19,1177.81
1338,2019-08-03,732,28,17,480.08
1339,2019-08-03,86,16,20,1109.0
1340,2019-08-03,331,32,20,1846.6
1341,2019-08-03,543,27,15,711.15
1342,2019-08-03,587,21,4,361.92
1343,2019-08-03,492,40,8,634.48
1344,2019-08-03,200,2,2,171.48
1345,2019-08-03,120,1,7,44.52
1346,2019-08-03,970,22,20,1205.2
1347,2019-08-03,767,15,11,155.43
1348,2019-08-03,185,25,2,147.4
1349,2019-08-03,123,42,20,1750.2
1350,2019-08-03,453,30,4,91.84
1351,2019-08-03,620,20,4,348.2
1352,2019-08-03,75,53,20,1481.2
1353,2019-08-03,843,4,20,1363.2
1354,2019-08-03,362,26,19,1599.8
1355,2019-08-03,234,40,15,820.8
1356,2019-08-03,759,26,3,252.6
1357,2019-08-03,251,1,3,15.66
1358,2019-08-03,678,38,17,373.66
1359,2019-08-03,16,28,18,508.32
1360,2019-08-04,898,3,2,130.8
1361,2019-08-04,111,29,2,118.46
1362,2019-08-04,605,14,14,1391.6
1363,2019-08-04,625,29,5,296.15
1364,2019-08-04,536,16,1,53.79
1365,2019-08-04,572,13,14,278.6
1366,2019-08-04,372,38,3,34.95
1367,2019-08-04,127,50,20,1138.8
1368,2019-08-04,511,12,6,232.38
1369,2019-08-04,517,18,11,619.63
1370,2019-08-04,250,39,11,411.95
1371,2019-08-04,830,60,14,536.62
1372,2019-08-04,593,36,10,138.3
1373,2019-08-04,229,51,1,75.32
1374,2019-08-04,581,6,12,1190.64
1375,2019-08-04,753,58,18,959.94
1376,2019-08-04,801,31,14,780.78
1377,2019-08-04,127,36,10,138.3
1378,2019-08-04,534,36,15,207.45
1379,2019-08-04,817,4,3,204.48
1380,2019-08-04,746,38,7,153.86
1381,2019-08-04,151,29,6,355.38
1382,2019-08-04,282,44,3,92.01
1383,2019-08-04,835,27,12,568.92
1384,2019-08-04,306,4,14,954.24
1385,2019-08-04,265,35,9,861.12
1386,2019-08-04,707,13,17,338.3
1387,2019-08-04,448,30,12,206.64
1388,2019-08-04,856,12,9,383.04
1389,2019-08-04,914,58,15,1095.75
1390,2019-08-04,117,14,19,1888.6
1391,2019-08-04,347,50,15,959.7
1392,2019-08-04,679,17,1,33.78
1393,2019-08-04,902,42,5,437.55
1394,2019-08-04,195,27,16,758.56
1395,2019-08-04,117,51,13,646.23
1396,2019-08-04,15,55,8,68.4
1397,2019-08-04,350,8,5,210.95
1398,2019-08-04,977,1,6,38.16
1399,2019-08-04,289,29,20,1184.6
1400,2019-08-04,73,51,14,864.64
1401,2019-08-04,460,46,20,1226.8
1402,2019-08-04,594,11,17,364.99
1403,2019-08-04,182,10,6,533.94
1404,2019-08-04,672,22,18,1084.68
1405,2019-08-04,510,21,14,1266.72
1406,2019-08-04,141,45,16,673.76
1407,2019-08-04,150,16,2,110.9
1408,2019-08-04,513,25,11,810.7
1409,2019-08-04,266,9,14,361.34
1410,2019-08-04,876,2,5,240.05
1411,2019-08-04,730,23,10,162.7
1412,2019-08-04,136,54,19,718.01
1413,2019-08-04,675,56,18,369.54
1414,2019-08-04,767,31,15,836.55
1415,2019-08-04,909,50,13,432.51
1416,2019-08-04,700,17,18,608.04
1417,2019-08-04,625,10,1,60.51
1418,2019-08-04,445,40,2,138.0
1419,2019-08-04,369,44,11,313.72
1420,2019-08-04,214,44,16,382.72
1421,2019-08-04,200,19,6,136.98
1422,2019-08-04,30,23,14,227.78
1423,2019-08-04,293,36,17,162.18
1424,2019-08-04,782,27,20,948.2
1425,2019-08-04,265,16,13,720.85
1426,2019-08-04,477,39,11,411.95
1427,2019-08-04,334,27,2,94.82
1428,2019-08-04,901,5,18,849.42
1429,2019-08-04,502,16,14,465.78
1430,2019-08-04,293,21,14,1266.72
1431,2019-08-04,759,9,16,480.16
1432,2019-08-04,122,11,20,322.0
1433,2019-08-04,505,57,18,1235.34
1434,2019-08-04,15,49,1,62.6
1435,2019-08-04,356,18,6,310.92
1436,2019-08-04,509,7,3,41.49
1437,2019-08-04,594,20,14,1218.7
1438,2019-08-05,684,55,7,59.85
1439,2019-08-05,343,16,7,260.05
1440,2019-08-05,41,25,8,589.6
1441,2019-08-05,237,17,13,439.14
1442,2019-08-05,810,8,7,295.33
1443,2019-08-05,513,4,19,1269.2
1444,2019-08-05,32,48,15,550.05
1445,2019-08-05,286,4,19,1295.04
1446,2019-08-05,840,42,7,551.32
1447,2019-08-05,653,19,2,45.66
1448,2019-08-05,885,1,2,12.72
1449,2019-08-05,269,24,3,90.96
1450,2019-08-05,694,19,4,91.32
1451,2019-08-05,753,31,11,546.04
1452,2019-08-05,926,59,19,804.46
1453,2019-08-05,425,29,2,118.46
1454,2019-08-05,81,17,4,135.12
1455,2019-08-05,540,12,3,127.68
1456,2019-08-05,717,29,7,414.61
1457,2019-08-05,780,41,16,993.28
1458,2019-08-05,517,59,16,843.84
1459,2019-08-05,327,6,20,1984.4
1460,2019-08-05,450,60,13,535.86
1461,2019-08-05,939,35,15,1176.9
1462,2019-08-05,135,7,18,248.94
1463,2019-08-05,738,31,8,339.12
1464,2019-08-05,94,8,20,843.8
1465,2019-08-05,2,23,16,260.32
1466,2019-08-05,705,24,2,62.52
1467,2019-08-05,900,41,7,343.07
1468,2019-08-05,270,56,1,20.53
1469,2019-08-05,777,33,16,1315.52
1470,2019-08-05,902,43,12,375.96
1471,2019-08-05,496,44,5,153.35
1472,2019-08-05,724,5,15,930.75
1473,2019-08-05,830,56,19,390.07
1474,2019-08-05,69,10,8,640.72
1475,2019-08-05,453,50,1,63.98
1476,2019-08-05,204,12,9,363.87
1477,2019-08-05,435,18,6,337.98
1478,2019-08-05,257,30,2,45.92
1479,2019-08-05,698,7,8,110.64
1480,2019-08-05,951,9,3,90.03
1481,2019-08-05,77,27,12,568.92
1482,2019-08-05,836,58,17,1241.85
1483,2019-08-05,51,29,6,355.38
1484,2019-08-05,425,24,5,114.1
1485,2019-08-05,560,37,1,61.99
1486,2019-08-05,269,20,15,1305.75
1487,2019-08-06,970,20,2,128.84
1488,2019-08-06,734,52,1,98.74
1489,2019-08-06,319,24,13,296.66
1490,2019-08-06,735,31,3,167.31
1491,2019-08-06,938,46,13,797.42
1492,2019-08-06,761,40,15,1189.65
1493,2019-08-06,667,39,14,524.3
1494,2019-08-06,809,28,10,282.4
1495,2019-08-06,741,60,3,123.66
1496,2019-08-06,806,4,5,340.8
1497,2019-08-06,33,2,2,171.48
1498,2019-08-06,145,56,15,307.95
1499,2019-08-06,471,60,3,123.66
1500,2019-08-06,676,49,19,785.08
1501,2019-08-06,524,10,15,1334.85
1502,2019-08-06,681,30,15,344.4
1503,2019-08-06,864,18,20,1126.6
1504,2019-08-06,357,2,3,257.22
1505,2019-08-06,304,15,10,141.3
1506,2019-08-06,313,59,12,891.36
1507,2019-08-06,199,9,5,150.05
1508,2019-08-06,730,53,11,814.66
1509,2019-08-06,447,26,19,895.85
1510,2019-08-06,485,5,16,1384.32
1511,2019-08-06,3,20,16,1392.8
1512,2019-08-06,483,6,8,793.76
1513,2019-08-06,790,5,16,1398.24
1514,2019-08-06,85,58,1,73.05
1515,2019-08-06,961,52,6,592.44
1516,2019-08-06,36,34,13,1294.02
1517,2019-08-06,222,16,2,102.02
1518,2019-08-06,866,48,9,330.03
1519,2019-08-06,797,10,9,800.91
1520,2019-08-06,831,58,6,376.92
1521,2019-08-06,261,51,19,1431.08
1522,2019-08-06,468,29,16,947.68
1523,2019-08-06,404,18,1,43.37
1524,2019-08-06,297,45,9,411.93
1525,2019-08-06,4,12,5,212.8
1526,2019-08-06,207,5,14,1223.46
1527,2019-08-06,414,16,2,110.9
1528,2019-08-06,602,38,11,241.78
1529,2019-08-06,441,28,18,508.32
1530,2019-08-06,474,10,5,444.95
1531,2019-08-06,623,55,5,42.75
1532,2019-08-06,351,42,17,1487.67
1533,2019-08-06,740,34,7,696.78
1534,2019-08-06,55,58,5,365.25
1535,2019-09-03,598,19,13,264.16
1536,2019-09-03,842,11,15,322.05
1537,2019-09-03,963,12,14,595.84
1538,2019-09-03,858,56,14,215.6
1539,2019-09-03,183,51,5,376.6
1540,2019-09-03,824,37,10,619.9
1541,2019-09-03,878,10,11,978.89
1542,2019-09-03,486,44,13,398.71
1543,2019-09-03,104,27,2,50.26
1544,2019-09-03,127,46,10,613.4
1545,2019-09-03,591,26,6,505.2
1546,2019-09-03,152,5,14,844.2
1547,2019-09-03,248,45,18,823.86
1548,2019-09-03,748,47,7,175.91
1549,2019-09-03,783,44,16,397.44
1550,2019-09-03,940,44,18,552.06
1551,2019-09-03,240,13,9,179.1
1552,2019-09-03,37,52,14,981.54
1553,2019-09-03,816,57,2,137.26
1554,2019-09-03,624,28,2,37.28
1555,2019-09-03,307,38,4,87.92
1556,2019-09-03,828,20,17,1479.85
1557,2019-09-03,160,53,13,962.78
1558,2019-09-03,943,9,12,360.12
1559,2019-09-03,995,49,16,1001.6
1560,2019-09-03,314,34,3,298.62
1561,2019-09-03,618,60,19,783.18
1562,2019-09-03,383,58,13,949.65
1563,2019-09-03,655,50,14,519.54
1564,2019-09-03,24,32,3,276.99
1565,2019-09-03,610,9,11,198.11
1566,2019-09-03,5,57,12,749.4
1567,2019-09-03,229,32,5,461.65
1568,2019-09-03,791,43,18,402.84
1569,2019-09-03,554,10,6,443.16
1570,2019-09-03,874,4,20,1363.2
1571,2019-09-03,248,46,11,364.32
1572,2019-09-03,400,14,9,760.41
1573,2019-09-03,912,6,9,830.43
1574,2019-09-03,903,37,4,183.48
1575,2019-09-03,265,32,4,295.44
1576,2019-09-03,75,18,2,112.66
1577,2019-09-03,931,20,1,87.05
1578,2019-09-03,962,53,13,962.78
1579,2019-09-03,703,15,8,64.4
1580,2019-09-03,374,30,4,91.84
1581,2019-09-03,609,27,3,142.23
1582,2019-09-03,129,12,18,766.08
1583,2019-09-03,335,40,18,1427.58
1584,2019-09-03,801,23,15,244.05
1585,2019-09-03,745,60,6,247.32
1586,2019-09-03,823,13,17,338.3
1587,2019-09-03,916,50,15,959.7
1588,2019-09-03,90,56,13,200.2
1589,2019-09-03,845,17,4,133.76
1590,2019-09-03,998,25,16,1179.2
1591,2019-09-03,476,47,2,96.64
1592,2019-09-04,28,48,9,330.03
1593,2019-09-04,792,16,16,887.2
1594,2019-09-04,318,3,13,850.2
1595,2019-09-04,966,9,20,600.2
1596,2019-09-04,2,20,2,174.1
1597,2019-09-04,453,3,2,130.8
1598,2019-09-04,878,2,6,514.44
1599,2019-09-04,317,26,10,842.0
1600,2019-09-04,118,15,15,211.95
1601,2019-09-04,634,20,13,1131.65
1602,2019-09-04,282,22,16,867.68
1603,2019-09-04,822,15,11,155.43
1604,2019-09-04,646,15,12,115.32
1605,2019-09-04,237,51,17,832.32
1606,2019-09-04,755,24,17,531.42
1607,2019-09-04,73,53,5,370.3
1608,2019-09-04,150,3,12,784.8
1609,2019-09-04,326,41,10,653.5
1610,2019-09-04,756,32,20,1809.6
1611,2019-09-04,685,11,6,128.82
1612,2019-09-04,614,34,19,1891.26
1613,2019-09-04,589,12,2,85.12
1614,2019-09-04,291,12,14,595.84
1615,2019-09-04,816,36,4,55.32
1616,2019-09-04,270,23,10,113.9
1617,2019-09-04,127,45,11,392.7
1618,2019-09-04,37,3,19,1242.6
1619,2019-09-04,795,32,9,830.97
1620,2019-09-04,235,38,2,41.76
1621,2019-09-04,495,59,9,668.52
1622,2019-09-04,87,56,6,123.18
1623,2019-09-04,818,49,8,340.56
1624,2019-09-04,679,42,16,1400.16
1625,2019-09-04,922,15,2,16.1
1626,2019-09-04,72,38,8,175.84
1627,2019-09-04,689,29,11,651.53
1628,2019-09-04,143,10,20,1779.8
1629,2019-09-04,349,44,20,613.4
1630,2019-09-04,411,22,6,361.56
1631,2019-09-04,872,30,3,68.88
1632,2019-09-04,572,53,3,222.18
1633,2019-09-04,634,36,13,118.69
1634,2019-09-04,698,1,4,25.44
1635,2019-09-04,40,59,9,668.52
1636,2019-09-04,121,24,11,343.86
1637,2019-09-04,142,31,13,420.55
1638,2019-09-04,694,24,19,593.94
1639,2019-09-04,673,25,4,294.8
1640,2019-09-04,275,5,19,1295.04
1641,2019-09-04,839,12,15,638.4
1642,2019-09-04,302,39,5,112.35
1643,2019-09-04,266,24,5,156.3
1644,2019-09-04,247,25,13,958.1
1645,2019-09-04,205,24,3,88.14
1646,2019-09-04,947,55,14,119.7
1647,2019-09-04,385,29,4,236.92
1648,2019-09-04,604,12,6,227.28
1649,2019-09-04,111,53,11,814.66
1650,2019-09-04,431,56,9,184.77
1651,2019-09-04,212,31,15,836.55
1652,2019-09-04,989,3,9,588.6
1653,2019-09-04,616,48,9,244.26
1654,2019-09-04,167,51,10,753.2
1655,2019-09-04,189,27,19,900.79
1656,2019-09-04,957,58,10,730.5
1657,2019-09-04,272,21,7,551.04
1658,2019-09-04,93,46,2,122.68
1659,2019-09-04,544,25,14,722.26
1660,2019-09-05,106,23,11,178.97
1661,2019-09-05,962,35,2,191.36
1662,2019-09-05,256,39,19,654.55
1663,2019-09-05,724,30,10,229.6
1664,2019-09-05,466,8,6,253.14
1665,2019-09-05,235,27,13,616.33
1666,2019-09-05,942,31,4,223.08
1667,2019-09-05,579,46,16,785.12
1668,2019-09-05,626,38,5,109.9
1669,2019-09-05,503,4,2,136.32
1670,2019-09-05,237,5,7,611.73
1671,2019-09-05,906,23,19,194.75
1672,2019-09-05,692,14,11,1093.4
1673,2019-09-05,725,54,7,264.53
1674,2019-09-05,860,60,12,479.76
1675,2019-09-05,402,44,4,122.68
1676,2019-09-05,733,16,4,221.8
1677,2019-09-05,30,39,19,711.55
1678,2019-09-05,92,41,7,457.45
1679,2019-09-05,379,35,4,206.68
1680,2019-09-05,3,52,3,168.84
1681,2019-09-05,377,30,7,160.72
1682,2019-09-05,473,38,19,417.62
1683,2019-09-05,689,8,20,843.8
1684,2019-09-05,326,1,15,95.4
1685,2019-09-05,188,46,16,579.04
1686,2019-09-05,723,49,9,563.4
1687,2019-09-05,755,22,15,903.9
1688,2019-09-05,345,18,1,56.33
1689,2019-09-05,945,57,13,892.19
1690,2019-09-05,201,43,9,366.21
1691,2019-09-05,869,18,19,1070.27
1692,2019-09-05,582,25,3,179.1
1693,2019-09-05,2,11,5,107.35
1694,2019-09-05,992,6,1,74.42
1695,2019-09-05,331,22,14,843.64
1696,2019-09-06,821,36,8,110.64
1697,2019-09-06,709,24,11,343.86
1698,2019-09-06,986,11,12,257.64
1699,2019-09-06,736,18,7,394.31
1700,2019-09-06,131,23,5,81.35
1701,2019-09-06,508,2,11,556.49
1702,2019-09-06,343,56,15,307.95
1703,2019-09-06,895,32,8,738.64
1704,2019-09-06,578,34,14,1393.56
1705,2019-09-06,199,2,11,943.14
1706,2019-09-06,475,27,7,331.87
1707,2019-09-06,749,29,6,355.38
1708,2019-09-06,772,24,3,93.78
1709,2019-09-06,224,7,4,55.32
1710,2019-09-06,199,43,3,104.97
1711,2019-09-06,50,21,8,723.84
1712,2019-09-06,986,7,7,89.04
1713,2019-09-06,156,3,14,915.6
1714,2019-09-06,253,51,13,979.16
1715,2019-09-06,69,1,12,76.32
1716,2019-09-06,998,17,5,168.9
1717,2019-09-06,155,13,11,218.9
1718,2019-09-06,663,19,8,120.56
1719,2019-09-06,329,56,17,349.01
1720,2019-09-06,119,44,16,392.64
1721,2019-09-06,670,20,15,1305.75
1722,2019-09-06,183,42,2,175.02
1723,2019-09-06,156,40,20,1586.2
1724,2019-09-06,227,11,16,343.52
1725,2019-09-06,864,28,15,423.6
1726,2019-09-06,685,11,7,81.13
1727,2019-09-06,342,17,3,101.34
1728,2019-10-03,76,44,7,214.69
1729,2019-10-03,710,43,16,651.04
1730,2019-10-03,172,58,1,73.05
1731,2019-10-03,908,59,17,1262.76
1732,2019-10-03,379,53,20,1244.2
1733,2019-10-03,405,58,20,1461.0
1734,2019-10-03,811,6,12,1190.64
1735,2019-10-03,121,19,6,135.6
1736,2019-10-03,673,38,15,329.7
1737,2019-10-03,474,34,10,995.4
1738,2019-10-03,487,44,12,368.04
1739,2019-10-03,152,51,5,256.1
1740,2019-10-03,893,43,7,284.83
1741,2019-10-03,500,52,16,1579.84
1742,2019-10-03,414,16,2,78.74
1743,2019-10-03,503,40,8,634.48
1744,2019-10-03,242,55,8,68.4
1745,2019-10-03,399,44,13,398.71
1746,2019-10-03,154,4,4,272.64
1747,2019-10-03,788,32,6,293.58
1748,2019-10-03,664,60,15,618.3
1749,2019-10-03,652,24,15,271.95
1750,2019-10-03,107,9,18,540.18
1751,2019-10-03,643,42,7,612.57
1752,2019-10-03,416,57,3,205.89
1753,2019-10-03,69,16,9,499.05
1754,2019-10-03,676,56,6,91.14
1755,2019-10-03,210,13,17,338.3
1756,2019-10-03,910,55,7,59.85
1757,2019-10-03,157,4,10,681.6
1758,2019-10-03,187,59,19,1411.32
1759,2019-10-03,376,12,12,469.92
1760,2019-10-03,877,17,11,371.58
1761,2019-10-03,282,58,2,102.28
1762,2019-10-03,987,34,19,1891.26
1763,2019-10-03,601,30,14,321.44
1764,2019-10-03,248,29,3,177.69
1765,2019-10-03,720,6,14,1389.08
1766,2019-10-03,437,52,8,789.92
1767,2019-10-03,44,43,9,366.21
1768,2019-10-03,661,14,18,1789.2
1769,2019-10-03,309,33,12,986.64
1770,2019-10-03,667,16,4,221.8
1771,2019-10-03,710,55,8,68.4
1772,2019-10-03,519,16,9,499.05
1773,2019-10-03,279,27,6,244.62
1774,2019-10-03,904,52,11,586.52
1775,2019-10-03,449,38,5,109.9
1776,2019-10-03,526,18,3,168.99
1777,2019-10-03,119,33,17,1397.74
1778,2019-10-03,511,52,11,1086.14
1779,2019-10-03,747,58,5,365.25
1780,2019-10-03,529,2,17,1457.58
1781,2019-10-04,550,24,1,19.69
1782,2019-10-04,846,23,12,195.24
1783,2019-10-04,956,17,17,574.26
1784,2019-10-04,47,5,19,1643.88
1785,2019-10-04,825,6,18,928.62
1786,2019-10-04,604,44,15,460.05
1787,2019-10-04,810,57,12,823.56
1788,2019-10-04,604,3,18,1177.2
1789,2019-10-04,512,29,1,59.23
1790,2019-10-04,198,2,4,336.12
1791,2019-10-04,879,41,6,392.1
1792,2019-10-04,994,19,3,68.49
1793,2019-10-04,44,45,20,915.4
1794,2019-10-04,696,39,14,524.3
1795,2019-10-04,556,33,18,1479.96
1796,2019-10-04,592,41,13,849.55
1797,2019-10-04,111,34,9,895.86
1798,2019-10-04,389,30,15,344.4
1799,2019-10-04,581,1,2,12.72
1800,2019-10-04,290,9,3,68.43
1801,2019-10-04,867,25,14,567.56
1802,2019-10-04,638,6,5,496.1
1803,2019-10-04,126,4,5,340.8
1804,2019-10-04,70,37,10,619.9
1805,2019-10-04,503,48,11,403.37
1806,2019-10-04,247,4,13,886.08
1807,2019-10-04,917,19,2,42.92
1808,2019-10-04,763,58,8,572.72
1809,2019-10-04,50,53,9,666.54
1810,2019-10-04,887,56,4,55.84
1811,2019-10-04,9,12,16,510.72
1812,2019-10-04,422,19,14,249.34
1813,2019-10-04,556,47,12,579.84
1814,2019-10-04,768,34,2,199.08
1815,2019-10-04,109,36,1,13.83
1816,2019-10-04,470,40,20,1586.2
1817,2019-10-04,806,11,2,42.94
1818,2019-10-04,147,18,19,1070.27
1819,2019-10-04,483,37,9,557.91
1820,2019-10-04,79,9,14,420.14
1821,2019-10-04,44,5,16,1398.24
1822,2019-10-04,922,8,7,295.33
1823,2019-10-04,849,36,4,45.36
1824,2019-10-04,262,58,15,1095.75
1825,2019-10-04,809,58,12,876.6
1826,2019-10-04,948,19,1,22.83
1827,2019-10-04,184,28,5,125.65
1828,2019-10-05,58,10,17,1512.83
1829,2019-10-05,80,10,4,355.96
1830,2019-10-05,388,23,5,81.35
1831,2019-10-05,546,28,19,536.56
1832,2019-10-05,166,22,13,783.38
1833,2019-10-05,664,49,8,250.4
1834,2019-10-05,152,11,17,364.99
1835,2019-10-05,627,9,11,330.11
1836,2019-10-05,634,36,11,152.13
1837,2019-10-05,442,12,18,406.08
1838,2019-10-05,668,53,3,208.86
1839,2019-10-05,240,32,17,1130.16
1840,2019-10-05,148,38,3,65.94
1841,2019-10-05,975,44,16,368.0
1842,2019-10-05,387,58,7,511.35
1843,2019-10-05,629,42,18,1575.18
1844,2019-10-05,225,57,7,465.99
1845,2019-10-05,755,48,13,476.71
1846,2019-10-05,357,45,10,457.7
1847,2019-10-05,742,46,19,1165.46
1848,2019-10-05,980,30,19,436.24
1849,2019-10-05,529,28,7,197.68
1850,2019-10-05,222,31,10,557.7
1851,2019-10-05,585,60,16,659.52
1852,2019-10-05,323,37,1,57.03
1853,2019-10-05,239,39,7,262.15
1854,2019-10-05,152,43,12,488.28
1855,2019-10-05,68,40,15,1189.65
1856,2019-10-05,827,44,8,245.36
1857,2019-10-05,47,18,16,901.28
1858,2019-10-05,560,10,12,961.08
1859,2019-10-06,76,17,1,33.78
1860,2019-10-06,793,31,6,334.62
1861,2019-10-06,649,32,7,646.31
1862,2019-10-06,84,59,18,1337.04
1863,2019-10-06,387,38,11,241.78
1864,2019-10-06,432,27,9,341.37
1865,2019-10-06,567,52,20,1974.8
1866,2019-10-06,255,40,7,555.17
1867,2019-10-06,175,53,4,174.8
1868,2019-10-06,788,42,4,350.04
1869,2019-10-06,109,21,11,945.56
1870,2019-10-06,494,52,11,1086.14
1871,2019-10-06,693,11,18,386.46
1872,2019-10-06,704,34,3,298.62
1873,2019-10-06,730,9,16,480.16
1874,2019-10-06,174,40,12,951.72
1875,2019-10-06,630,1,10,63.6
1876,2019-10-06,658,44,7,214.69
1877,2019-10-06,828,54,12,453.48
1878,2019-10-06,214,7,17,185.81
1879,2019-10-06,42,20,16,1392.8
1880,2019-10-06,167,9,3,90.03
1881,2019-10-06,167,21,8,723.84
1882,2019-10-06,476,14,14,1391.6
1883,2019-10-06,501,55,15,128.25
1884,2019-10-06,207,43,9,366.21
1885,2019-10-06,584,27,10,360.3
1886,2019-10-06,288,45,10,457.7
1887,2019-10-06,801,27,1,36.51
1888,2019-10-06,171,43,16,651.04
1889,2019-10-06,124,5,11,961.29
1890,2019-11-03,744,24,6,187.56
1891,2019-11-03,136,36,17,235.11
1892,2019-11-03,563,17,2,67.56
1893,2019-11-03,70,36,17,235.11
1894,2019-11-03,781,28,17,480.08
1895,2019-11-03,620,32,19,1754.27
1896,2019-11-03,85,35,7,669.76
1897,2019-11-03,749,1,8,42.72
1898,2019-11-03,97,28,1,18.92
1899,2019-11-03,829,25,17,1252.9
1900,2019-11-03,812,38,6,131.88
1901,2019-11-03,92,16,17,942.65
1902,2019-11-03,529,23,4,65.08
1903,2019-11-03,81,47,11,531.52
1904,2019-11-03,1,19,5,62.8
1905,2019-11-03,269,31,8,446.16
1906,2019-11-03,890,59,20,1485.6
1907,2019-11-03,34,34,12,1194.48
1908,2019-11-03,442,12,4,170.24
1909,2019-11-03,347,57,9,481.77
1910,2019-11-03,131,9,6,180.06
1911,2019-11-03,199,2,3,257.22
1912,2019-11-03,708,47,10,415.6
1913,2019-11-03,349,14,13,1292.2
1914,2019-11-03,424,18,4,225.32
1915,2019-11-03,729,31,17,635.29
1916,2019-11-03,915,50,6,268.74
1917,2019-11-03,593,49,20,1252.0
1918,2019-11-03,271,47,17,821.44
1919,2019-11-03,835,33,13,1068.86
1920,2019-11-03,193,28,10,282.4
1921,2019-11-03,151,8,10,421.9
1922,2019-11-03,920,60,9,370.98
1923,2019-11-03,445,2,9,771.66
1924,2019-11-03,258,48,8,293.36
1925,2019-11-03,279,46,10,613.4
1926,2019-11-03,756,22,10,602.6
1927,2019-11-03,531,53,12,888.72
1928,2019-11-03,344,22,17,1024.42
1929,2019-11-03,90,32,15,1384.95
1930,2019-11-03,569,52,1,98.74
1931,2019-11-03,400,4,5,340.8
1932,2019-11-03,372,23,20,302.6
1933,2019-11-03,764,20,11,957.55
1934,2019-11-04,92,49,4,250.4
1935,2019-11-04,540,6,11,818.62
1936,2019-11-04,130,55,15,109.05
1937,2019-11-04,38,47,19,918.08
1938,2019-11-04,835,48,9,330.03
1939,2019-11-04,781,40,7,555.17
1940,2019-11-04,641,46,12,736.08
1941,2019-11-04,781,60,7,288.54
1942,2019-11-04,582,36,3,41.49
1943,2019-11-04,339,6,9,892.98
1944,2019-11-04,27,49,11,688.6
1945,2019-11-04,377,5,11,893.97
1946,2019-11-04,431,12,1,42.56
1947,2019-11-04,129,10,10,649.6
1948,2019-11-04,922,52,19,1876.06
1949,2019-11-04,288,31,7,390.39
1950,2019-11-04,742,26,17,1431.4
1951,2019-11-04,176,26,14,1178.8
1952,2019-11-04,113,18,1,56.33
1953,2019-11-04,757,24,11,343.86
1954,2019-11-04,94,27,8,208.64
1955,2019-11-04,535,37,1,61.99
1956,2019-11-04,179,2,1,85.74
1957,2019-11-04,582,31,13,725.01
1958,2019-11-04,31,60,15,618.3
1959,2019-11-04,41,6,10,992.2
1960,2019-11-04,403,35,18,1722.24
1961,2019-11-04,927,27,7,321.93
1962,2019-11-04,890,42,8,623.04
1963,2019-11-04,574,4,5,340.8
1964,2019-11-04,283,3,20,1308.0
1965,2019-11-04,874,2,17,1442.96
1966,2019-11-04,914,39,20,749.0
1967,2019-11-04,601,44,14,429.38
1968,2019-11-04,641,36,1,12.72
1969,2019-11-04,564,38,4,87.92
1970,2019-11-04,573,57,11,649.22
1971,2019-11-04,814,22,20,1205.2
1972,2019-11-04,547,32,14,1292.62
1973,2019-11-04,499,14,19,1888.6
1974,2019-11-04,227,20,10,644.2
1975,2019-11-04,852,43,12,488.28
1976,2019-11-04,369,25,20,1474.0
1977,2019-11-04,802,32,16,1477.28
1978,2019-11-04,121,25,3,179.1
1979,2019-11-04,282,20,1,81.83
1980,2019-11-04,327,32,8,657.36
1981,2019-11-04,699,15,5,70.65
1982,2019-11-04,361,42,9,787.59
1983,2019-11-04,450,17,6,202.68
1984,2019-11-04,140,44,12,368.04
1985,2019-11-04,809,39,5,103.0
1986,2019-11-04,668,8,16,675.04
1987,2019-11-04,885,7,10,138.3
1988,2019-11-04,781,26,4,336.8
1989,2019-11-04,480,5,17,1158.72
1990,2019-11-05,285,48,5,183.35
1991,2019-11-05,57,8,16,675.04
1992,2019-11-05,504,7,3,41.49
1993,2019-11-05,807,13,15,298.5
1994,2019-11-05,753,33,16,1315.52
1995,2019-11-05,752,55,8,68.4
1996,2019-11-05,91,46,7,300.58
1997,2019-11-05,89,38,17,373.66
1998,2019-11-05,721,40,7,555.17
1999,2019-11-05,495,60,16,659.52
2000,2019-11-05,872,30,15,344.4
2001,2019-11-05,247,44,3,74.52
2002,2019-11-05,993,44,15,460.05
2003,2019-11-05,387,53,9,666.54
2004,2019-11-05,924,56,7,143.71
2005,2019-11-05,823,3,20,1308.0
2006,2019-11-05,991,30,2,45.92
2007,2019-11-05,977,44,1,30.67
2008,2019-11-05,28,15,6,84.78
2009,2019-11-05,485,27,9,426.69
2010,2019-11-05,274,23,2,32.54
2011,2019-11-05,319,41,13,849.55
2012,2019-11-05,918,26,20,1684.0
2013,2019-11-05,326,53,12,888.72
2014,2019-11-05,62,53,7,518.42
2015,2019-11-05,103,7,7,96.81
2016,2019-11-05,27,21,16,1447.68
2017,2019-11-05,779,43,7,284.83
2018,2019-11-05,885,7,17,235.11
2019,2019-11-05,251,45,5,228.85
2020,2019-11-05,865,44,7,214.69
2021,2019-11-05,410,47,8,386.56
2022,2019-11-05,534,38,2,43.96
2023,2019-11-05,973,27,7,331.87
2024,2019-11-05,782,41,10,653.5
2025,2019-11-05,64,47,2,66.68
2026,2019-11-05,290,16,16,887.2
2027,2019-11-05,219,4,6,408.96
2028,2019-11-05,205,5,15,1310.85
2029,2019-11-05,702,5,9,786.51
2030,2019-11-05,299,8,17,717.23
2031,2019-11-05,960,46,6,235.56
2032,2019-11-05,199,44,8,245.36
2033,2019-11-05,784,23,19,309.13
2034,2019-11-05,227,27,6,201.96
2035,2019-11-05,677,51,17,1280.44
2036,2019-11-05,59,36,14,193.62
2037,2019-11-05,882,40,13,1031.03
2038,2019-11-05,676,24,7,218.82
2039,2019-11-05,575,16,1,55.45
2040,2019-11-05,763,27,18,665.64
2041,2019-11-05,999,54,17,642.43
2042,2019-11-06,865,12,18,559.26
2043,2019-11-06,274,44,19,355.49
2044,2019-11-06,719,24,15,468.9
2045,2019-11-06,423,49,6,375.6
2046,2019-11-06,703,37,16,991.84
2047,2019-11-06,243,18,19,1070.27
2048,2019-11-06,419,39,12,449.4
2049,2019-11-06,124,40,7,555.17
2050,2019-11-06,637,20,1,87.05
2051,2019-11-06,788,9,8,240.08
2052,2019-11-06,67,23,9,146.43
2053,2019-11-06,445,29,15,888.45
2054,2019-11-06,435,32,13,1116.31
2055,2019-11-06,59,1,2,12.72
2056,2019-11-06,41,16,12,425.88
2057,2019-11-06,293,55,3,25.65
2058,2019-11-06,353,3,3,184.44
2059,2019-11-06,853,30,9,206.64
2060,2019-11-06,916,24,9,281.34
2061,2019-11-06,497,39,18,674.1
2062,2019-11-06,680,33,2,164.44
2063,2019-11-06,661,40,7,555.17
2064,2019-11-06,885,6,6,511.98
2065,2019-11-06,597,3,7,389.13
2066,2019-11-06,846,56,8,164.24
2067,2019-11-06,354,27,16,758.56
2068,2019-11-06,202,27,4,189.64
2069,2019-11-06,786,8,15,632.85
2070,2019-11-06,795,10,7,622.93
2071,2019-11-06,768,35,18,1722.24
2072,2019-11-06,123,3,1,65.4
2073,2019-11-06,179,23,9,146.43
2074,2019-11-06,936,49,15,939.0
2075,2019-11-06,551,24,9,157.59
2076,2019-11-06,362,10,6,517.92
2077,2019-11-06,973,21,17,1492.09
2078,2019-11-06,185,18,17,957.61
2079,2019-11-06,691,9,5,150.05
2080,2019-11-06,281,24,7,218.82
2081,2019-11-06,972,21,14,937.44
2082,2019-11-06,207,18,7,394.31
2083,2019-11-06,528,15,11,155.43
2084,2019-11-06,622,18,1,56.33
2085,2019-11-06,550,41,14,914.9
2086,2019-11-06,762,32,17,1569.61
2087,2019-11-06,831,39,10,374.5
2088,2019-11-06,523,33,11,904.42
2089,2019-12-03,196,34,4,254.84
2090,2019-12-03,607,35,20,1913.6
2091,2019-12-03,844,46,1,61.34
2092,2019-12-03,568,38,15,329.7
2093,2019-12-03,360,40,15,1189.65
2094,2019-12-03,258,40,4,269.64
2095,2019-12-03,913,52,18,1368.54
2096,2019-12-03,651,52,5,493.7
2097,2019-12-03,59,44,18,552.06
2098,2019-12-03,995,19,7,95.9
2099,2019-12-03,190,43,15,610.35
2100,2019-12-03,814,12,15,638.4
2101,2019-12-03,842,54,8,302.32
2102,2019-12-03,675,53,6,444.36
2103,2019-12-03,946,36,20,276.6
2104,2019-12-03,201,38,17,194.31
2105,2019-12-03,162,18,15,844.95
2106,2019-12-03,92,31,4,223.08
2107,2019-12-03,998,8,13,548.47
2108,2019-12-03,372,53,8,592.48
2109,2019-12-03,75,3,7,457.8
2110,2019-12-03,622,59,7,519.96
2111,2019-12-03,712,34,14,933.66
2112,2019-12-03,239,7,16,221.28
2113,2019-12-03,560,37,4,247.96
2114,2019-12-03,195,25,16,1179.2
2115,2019-12-03,270,23,20,325.4
2116,2019-12-03,75,13,15,298.5
2117,2019-12-03,687,25,1,73.7
2118,2019-12-03,338,34,6,597.24
2119,2019-12-03,672,35,14,1339.52
2120,2019-12-03,874,30,13,298.48
2121,2019-12-03,395,31,9,501.93
2122,2019-12-03,715,8,13,548.47
2123,2019-12-03,779,54,7,264.53
2124,2019-12-03,685,35,17,1626.56
2125,2019-12-03,825,10,10,889.9
2126,2019-12-03,65,18,6,337.98
2127,2019-12-03,712,17,12,405.36
2128,2019-12-03,481,3,12,596.4
2129,2019-12-03,781,48,3,110.01
2130,2019-12-03,33,34,19,1891.26
2131,2019-12-03,897,9,3,90.03
2132,2019-12-03,866,10,2,177.98
2133,2019-12-03,155,56,13,266.89
2134,2019-12-03,48,13,11,218.9
2135,2019-12-03,112,21,13,1176.24
2136,2019-12-03,7,57,13,892.19
2137,2019-12-04,6,1,6,38.16
2138,2019-12-04,266,18,17,957.61
2139,2019-12-04,700,29,7,414.61
2140,2019-12-04,538,46,1,60.11
2141,2019-12-04,37,19,18,410.94
2142,2019-12-04,390,37,10,564.1
2143,2019-12-04,42,60,9,370.98
2144,2019-12-04,614,39,11,411.95
2145,2019-12-04,389,15,11,155.43
2146,2019-12-04,961,18,5,247.85
2147,2019-12-04,800,55,17,77.01
2148,2019-12-04,219,37,7,329.77
2149,2019-12-04,222,44,5,153.35
2150,2019-12-04,392,9,20,600.2
2151,2019-12-04,621,57,9,395.28
2152,2019-12-04,29,17,19,641.82
2153,2019-12-04,738,59,14,1039.92
2154,2019-12-04,248,19,9,205.47
2155,2019-12-04,998,15,6,84.78
2156,2019-12-04,291,4,17,1158.72
2157,2019-12-04,436,55,2,17.1
2158,2019-12-04,688,16,20,1020.2
2159,2019-12-04,810,24,4,116.28
2160,2019-12-04,870,31,2,104.84
2161,2019-12-04,132,3,6,392.4
2162,2019-12-04,104,35,18,1722.24
2163,2019-12-04,924,9,14,420.14
2164,2019-12-04,970,2,18,1543.32
2165,2019-12-04,23,53,4,296.24
2166,2019-12-04,759,21,15,1357.2
2167,2019-12-04,508,57,7,480.41
2168,2019-12-04,226,45,9,411.93
2169,2019-12-04,599,25,10,737.0
2170,2019-12-04,721,20,13,1131.65
2171,2019-12-04,364,29,15,888.45
2172,2019-12-04,671,58,14,1022.7
2173,2019-12-04,870,35,7,669.76
2174,2019-12-04,859,32,19,1754.27
2175,2019-12-04,50,58,11,803.55
2176,2019-12-04,264,55,6,51.3
2177,2019-12-04,437,14,14,1391.6
2178,2019-12-04,955,37,13,805.87
2179,2019-12-04,226,53,3,222.18
2180,2019-12-04,311,6,8,793.76
2181,2019-12-04,385,37,4,247.96
2182,2019-12-04,981,21,14,1266.72
2183,2019-12-04,23,11,7,150.29
2184,2019-12-04,203,12,14,595.84
2185,2019-12-04,35,53,11,814.66
2186,2019-12-04,940,7,17,235.11
2187,2019-12-04,346,5,20,1747.8
2188,2019-12-04,191,54,18,680.22
2189,2019-12-04,793,43,20,813.8
2190,2019-12-04,868,5,10,873.9
2191,2019-12-04,682,53,13,962.78
2192,2019-12-04,880,53,10,740.6
2193,2019-12-04,255,22,10,602.6
2194,2019-12-04,17,34,9,895.86
2195,2019-12-05,302,39,16,599.2
2196,2019-12-05,617,11,10,214.7
2197,2019-12-05,273,4,16,1090.56
2198,2019-12-05,417,59,6,445.68
2199,2019-12-05,728,51,4,301.28
2200,2019-12-05,243,46,12,699.24
2201,2019-12-05,928,3,19,1242.6
2202,2019-12-05,526,24,13,406.38
2203,2019-12-05,569,59,13,965.64
2204,2019-12-05,189,17,11,300.96
2205,2019-12-05,231,22,1,60.26
2206,2019-12-05,598,16,8,226.24
2207,2019-12-05,581,22,15,903.9
2208,2019-12-05,856,39,17,636.65
2209,2019-12-05,240,21,4,361.92
2210,2019-12-05,344,53,18,1333.08
2211,2019-12-05,157,40,6,475.86
2212,2019-12-05,626,22,1,60.26
2213,2019-12-05,567,12,5,172.35
2214,2019-12-05,427,43,5,144.45
2215,2019-12-05,722,57,9,617.67
2216,2019-12-05,748,53,1,54.06
2217,2019-12-05,752,8,6,225.3
2218,2019-12-05,987,23,2,22.12
2219,2019-12-05,841,35,6,350.16
2220,2019-12-05,23,52,19,1238.23
2221,2019-12-05,351,52,10,987.4
2222,2019-12-05,871,60,12,494.64
2223,2019-12-05,632,35,3,287.04
2224,2019-12-05,809,14,4,397.6
2225,2019-12-05,724,25,3,221.1
2226,2019-12-05,328,13,18,358.2
2227,2019-12-05,511,16,8,443.6
2228,2019-12-05,944,25,5,368.5
2229,2019-12-05,791,23,7,113.89
2230,2019-12-05,202,59,6,445.68
2231,2019-12-05,997,18,16,793.12
2232,2019-12-05,56,13,8,159.2
2233,2019-12-05,510,54,17,642.43
2234,2019-12-05,950,6,20,1984.4
2235,2019-12-06,190,44,20,613.4
2236,2019-12-06,850,33,14,1151.08
2237,2019-12-06,392,19,18,410.94
2238,2019-12-06,117,14,18,1789.2
2239,2019-12-06,230,54,7,264.53
2240,2019-12-06,565,16,6,316.08
2241,2019-12-06,921,46,15,920.1
2242,2019-12-06,98,34,12,1194.48
2243,2019-12-06,298,14,19,1888.6
2244,2019-12-06,54,47,20,966.4
2245,2019-12-06,855,48,15,550.05
2246,2019-12-06,209,21,15,1248.6
2247,2019-12-06,437,46,3,184.02
2248,2019-12-06,412,50,13,831.74
2249,2019-12-06,342,2,4,342.96
2250,2019-12-06,959,40,10,793.1
2251,2019-12-06,714,19,17,388.11
2252,2019-12-06,343,27,14,663.74
2253,2019-12-06,552,7,16,221.28
2254,2019-12-06,349,29,9,533.07
2255,2019-12-06,811,18,13,732.29
2256,2019-12-06,632,22,14,843.64
2257,2019-12-06,54,22,6,361.56
2258,2019-12-06,444,58,20,1461.0
2259,2019-12-06,98,36,6,82.98
2260,2019-12-06,121,38,12,263.76
2261,2019-12-06,645,27,18,853.38
2262,2019-12-06,669,35,1,95.68
2263,2019-12-06,196,56,17,349.01
2264,2019-12-06,593,51,2,150.64
2265,2019-12-06,464,21,3,271.44
2266,2019-12-06,91,37,6,371.94
2267,2019-12-06,9,51,12,903.84
2268,2019-12-06,261,33,19,1031.13
2269,2019-12-06,249,6,6,595.32
2270,2019-12-06,415,54,8,302.32
2271,2019-12-06,52,8,5,210.95
2272,2019-12-06,542,36,20,141.0
2273,2019-12-06,249,37,13,805.87
2274,2019-12-06,747,5,15,1310.85
2275,2019-03-13,249,8,17,717.23
2276,2019-03-13,611,31,15,836.55
2277,2019-03-13,673,41,16,1045.6
2278,2019-03-13,339,22,19,1144.94
2279,2019-03-13,56,4,5,340.8
2280,2019-03-13,685,34,20,1990.8
2281,2019-03-13,294,41,20,1307.0
2282,2019-03-13,825,9,15,450.15
2283,2019-03-13,520,27,15,711.15
2284,2019-03-13,814,37,5,309.95
2285,2019-03-13,36,15,11,155.43
2286,2019-03-13,554,10,7,622.93
2287,2019-03-13,400,60,18,741.96
2288,2019-03-13,303,12,7,274.12
2289,2019-03-13,681,9,5,150.05
2290,2019-03-13,507,23,19,309.13
2291,2019-03-13,101,32,3,276.99
2292,2019-03-13,823,15,4,29.4
2293,2019-03-13,205,47,14,608.86
2294,2019-03-13,958,47,15,724.8
2295,2019-03-13,256,52,9,506.52
2296,2019-03-13,970,34,13,1294.02
2297,2019-03-13,506,29,1,59.23
2298,2019-03-13,213,49,5,313.0
2299,2019-03-13,799,46,12,736.08
2300,2019-03-13,755,19,9,205.47
2301,2019-03-13,462,5,2,174.78
2302,2019-03-13,89,29,12,710.76
2303,2019-03-13,556,18,7,394.31
2304,2019-03-13,349,43,5,203.45
2305,2019-03-13,738,32,15,720.15
2306,2019-03-13,274,8,4,168.76
2307,2019-03-13,270,36,15,207.45
2308,2019-03-13,425,41,9,511.65
2309,2019-03-13,865,59,8,475.36
2310,2019-03-13,574,45,12,549.24
2311,2019-03-13,840,19,14,182.14
2312,2019-03-13,392,56,14,287.42
2313,2019-03-13,120,20,20,1741.0
2314,2019-03-13,297,45,3,137.31
2315,2019-03-13,875,55,12,102.6
2316,2019-03-13,942,13,13,165.62
2317,2019-03-13,374,13,3,59.7
2318,2019-03-13,621,9,14,420.14
2319,2019-03-13,114,47,8,386.56
2320,2019-03-13,831,33,5,246.65
2321,2019-03-13,542,36,20,138.4
2322,2019-03-13,337,7,4,55.32
2323,2019-03-13,393,40,3,237.93
2324,2019-03-13,238,53,10,740.6
2325,2019-03-13,552,11,7,109.69
2326,2019-03-13,253,25,1,73.7
2327,2019-03-14,702,14,5,497.0
2328,2019-03-14,569,3,9,588.6
2329,2019-03-14,485,31,1,55.77
2330,2019-03-14,1000,9,20,600.2
2331,2019-03-14,446,19,13,228.54
2332,2019-03-14,234,29,2,118.46
2333,2019-03-14,53,20,13,939.25
2334,2019-03-14,908,27,18,853.38
2335,2019-03-14,745,36,3,41.49
2336,2019-03-14,36,38,9,197.82
2337,2019-03-14,238,17,8,270.24
2338,2019-03-14,527,42,2,99.76
2339,2019-03-14,939,40,13,1031.03
2340,2019-03-14,526,10,16,1423.84
2341,2019-03-14,116,3,14,915.6
2342,2019-03-14,936,48,12,440.04
2343,2019-03-14,895,8,17,717.23
2344,2019-03-14,403,17,15,506.7
2345,2019-03-14,621,8,20,843.8
2346,2019-03-14,395,49,4,232.88
2347,2019-03-14,652,23,8,88.48
2348,2019-03-14,543,22,8,482.08
2349,2019-03-14,775,20,9,705.15
2350,2019-03-14,12,44,6,184.02
2351,2019-03-14,288,50,16,1023.68
2352,2019-03-14,627,51,2,150.64
2353,2019-03-14,773,39,10,374.5
2354,2019-03-14,629,5,1,87.39
2355,2019-03-14,195,6,13,1289.86
2356,2019-03-14,615,58,18,1314.9
2357,2019-03-14,735,19,19,433.77
2358,2019-03-14,758,18,2,112.66
2359,2019-03-14,475,55,13,111.15
2360,2019-03-14,420,28,16,447.36
2361,2019-03-14,490,18,12,675.96
2362,2019-03-14,601,23,2,27.34
2363,2019-03-14,817,49,15,939.0
2364,2019-03-14,234,28,7,128.52
2365,2019-03-14,919,53,16,699.2
2366,2019-03-15,672,45,4,162.96
2367,2019-03-15,375,56,2,41.06
2368,2019-03-15,537,7,3,41.49
2369,2019-03-15,103,58,1,73.05
2370,2019-03-15,196,30,20,459.2
2371,2019-03-15,336,50,3,113.25
2372,2019-03-15,685,20,13,1131.65
2373,2019-03-15,490,44,13,398.71
2374,2019-03-15,687,21,7,633.36
2375,2019-03-15,21,53,17,1259.02
2376,2019-03-15,749,37,1,61.99
2377,2019-03-15,925,46,15,920.1
2378,2019-03-15,649,4,10,681.6
2379,2019-03-15,804,54,6,167.76
2380,2019-03-15,492,3,3,196.2
2381,2019-03-15,298,4,2,136.32
2382,2019-03-15,81,46,8,490.72
2383,2019-03-15,577,50,11,703.78
2384,2019-03-15,418,43,2,78.12
2385,2019-03-15,505,8,7,295.33
2386,2019-03-15,620,16,19,1053.55
2387,2019-03-15,693,13,6,109.86
2388,2019-03-15,384,5,18,1573.02
2389,2019-03-15,77,53,3,222.18
2390,2019-03-15,799,25,15,994.95
2391,2019-03-15,904,43,17,691.73
2392,2019-03-15,774,8,7,295.33
2393,2019-03-15,628,59,14,1008.7
2394,2019-03-15,694,49,10,626.0
2395,2019-03-15,234,43,15,555.45
2396,2019-03-15,171,34,12,1194.48
2397,2019-03-15,521,42,3,262.53
2398,2019-03-15,390,39,20,456.8
2399,2019-03-15,6,22,16,964.16
2400,2019-03-15,836,4,11,749.76
2401,2019-03-15,383,4,13,886.08
2402,2019-03-15,496,15,15,211.95
2403,2019-03-15,776,59,14,790.3
2404,2019-03-15,853,36,7,96.81
2405,2019-03-15,971,8,13,548.47
2406,2019-03-15,959,20,12,1044.6
2407,2019-03-15,136,58,2,146.1
2408,2019-03-15,90,20,15,1305.75
2409,2019-03-15,586,25,15,1105.5
2410,2019-03-15,855,53,12,888.72
2411,2019-03-15,450,18,9,506.97
2412,2019-03-16,284,41,9,588.15
2413,2019-03-16,746,46,6,368.04
2414,2019-03-16,573,39,5,187.25
2415,2019-03-16,902,20,6,443.94
2416,2019-03-16,884,10,16,1423.84
2417,2019-03-16,199,33,4,328.88
2418,2019-03-16,440,8,8,337.52
2419,2019-03-16,897,54,11,415.69
2420,2019-03-16,92,30,20,459.2
2421,2019-03-16,376,51,16,699.04
2422,2019-03-16,489,49,2,125.2
2423,2019-03-16,690,1,20,63.6
2424,2019-03-16,356,59,2,148.56
2425,2019-03-16,681,29,14,729.68
2426,2019-03-16,14,60,9,370.98
2427,2019-03-16,627,4,18,1226.88
2428,2019-03-16,545,20,3,261.15
2429,2019-03-16,888,34,5,497.7
2430,2019-03-16,72,43,8,325.52
2431,2019-03-16,821,14,17,861.73
2432,2019-03-16,183,33,4,328.88
2433,2019-03-16,927,36,7,96.81
2434,2019-03-16,847,59,9,407.79
2435,2019-03-16,242,5,6,524.34
2436,2019-03-16,977,1,1,6.36
2437,2019-03-16,820,26,14,1178.8
2438,2019-03-16,792,58,20,1241.8
2439,2019-03-16,79,43,6,244.14
2440,2019-03-16,120,42,17,966.96
2441,2019-03-16,390,44,1,30.67
2442,2019-03-16,538,35,11,1052.48
2443,2019-03-16,946,4,3,124.74
2444,2019-03-16,110,41,19,1241.65
2445,2019-03-16,798,10,10,889.9
2446,2019-03-16,364,17,4,135.12
2447,2019-03-16,86,13,11,218.9
2448,2019-03-16,435,57,15,1029.45
2449,2019-03-16,408,57,6,411.78
2450,2019-03-16,925,36,12,165.96
2451,2019-03-16,528,54,20,627.4
2452,2019-03-16,506,46,10,613.4
2453,2019-03-16,794,1,8,50.88
2454,2019-03-16,903,55,18,153.9
2455,2019-03-16,400,21,8,723.84
2456,2019-03-16,494,5,14,1223.46
2457,2019-03-16,488,31,10,557.7
2458,2019-03-16,180,1,9,57.24
2459,2019-03-16,386,25,19,1400.3
2460,2019-03-16,656,3,4,261.6
2461,2019-03-16,835,45,15,411.9
2462,2019-03-16,370,16,13,720.85
2463,2019-03-16,792,16,16,754.08
2464,2019-03-16,155,53,10,740.6
2465,2019-03-16,626,2,17,1457.58
2466,2019-03-16,217,41,20,1307.0
2467,2019-03-17,750,23,13,211.51
2468,2019-03-17,336,32,16,930.72
2469,2019-03-17,606,31,19,837.14
2470,2019-03-17,272,35,8,765.44
2471,2019-03-17,819,43,2,81.38
2472,2019-03-17,394,4,10,681.6
2473,2019-03-17,328,12,18,766.08
2474,2019-03-17,481,6,2,198.44
2475,2019-03-17,199,12,2,85.12
2476,2019-03-17,593,25,2,147.4
2477,2019-03-17,905,49,9,450.72
2478,2019-03-17,496,41,18,894.06
2479,2019-03-17,591,49,12,751.2
2480,2019-03-17,177,50,20,1279.6
2481,2019-03-17,728,49,8,500.8
2482,2019-03-17,917,16,7,388.15
2483,2019-03-17,480,58,2,146.1
2484,2019-03-17,117,59,9,668.52
2485,2019-03-17,531,55,18,153.9
2486,2019-03-17,730,32,1,92.33
2487,2019-03-17,379,7,9,102.06
2488,2019-03-17,129,40,20,1586.2
2489,2019-03-17,218,37,1,61.99
2490,2019-03-17,927,33,17,1397.74
2491,2019-03-17,226,51,17,1280.44
2492,2019-03-17,765,51,13,979.16
2493,2019-03-17,602,18,17,890.63
2494,2019-03-17,629,14,7,695.8
2495,2019-03-17,870,11,14,246.54
2496,2019-03-17,680,33,9,739.98
2497,2019-03-17,866,56,6,123.18
2498,2019-03-17,11,16,5,277.25
2499,2019-03-17,810,27,17,749.53
2500,2019-03-17,67,23,10,162.7
2501,2019-03-17,897,60,13,332.28
2502,2019-03-17,289,24,12,375.12
2503,2019-03-17,812,53,14,1036.84
2504,2019-03-17,753,28,8,146.88
2505,2019-03-17,142,19,11,251.13
2506,2019-03-17,163,44,7,206.08
2507,2019-03-17,196,52,4,394.96
2508,2019-03-17,331,42,15,695.7
2509,2019-03-17,969,13,12,238.8
2510,2019-03-17,637,46,8,309.12
2511,2019-03-17,324,40,13,1031.03
2512,2019-03-17,372,8,9,379.71
2513,2019-03-17,114,28,10,282.4
2514,2019-03-17,214,34,15,1493.1
2515,2019-03-17,834,57,19,1303.97
2516,2019-03-17,445,6,12,857.28
2517,2019-03-17,136,4,20,1363.2
2518,2019-03-17,64,46,19,1165.46
2519,2019-03-17,831,53,19,1407.14
2520,2019-03-18,383,31,12,669.24
2521,2019-03-18,86,36,3,23.64
2522,2019-03-18,370,10,15,1334.85
2523,2019-03-18,532,53,13,962.78
2524,2019-03-18,897,44,6,184.02
2525,2019-03-18,406,36,15,207.45
2526,2019-03-18,561,20,2,174.1
2527,2019-03-18,651,39,5,149.8
2528,2019-03-18,665,45,15,686.55
2529,2019-03-18,394,47,7,182.63
2530,2019-03-18,161,37,7,342.79
2531,2019-03-18,978,23,19,309.13
2532,2019-03-18,297,36,12,116.16
2533,2019-03-18,232,24,6,140.7
2534,2019-03-18,723,35,14,1339.52
2535,2019-03-18,235,34,16,1592.64
2536,2019-03-18,336,60,18,741.96
2537,2019-03-18,68,14,15,1162.95
2538,2019-03-18,487,51,4,301.28
2539,2019-03-18,484,1,8,50.88
2540,2019-03-18,428,3,8,523.2
2541,2019-03-18,603,12,12,510.72
2542,2019-03-18,308,32,3,276.99
2543,2019-03-18,754,47,3,144.96
2544,2019-03-18,264,2,2,171.48
2545,2019-03-18,901,29,11,651.53
2546,2019-03-18,537,46,11,445.28
2547,2019-03-18,367,10,13,1156.87
2548,2019-03-18,326,44,15,414.0
2549,2019-03-18,990,42,7,612.57
2550,2019-03-18,297,22,13,783.38
2551,2019-03-18,635,32,9,830.97
2552,2019-03-18,654,13,3,59.7
2553,2019-03-18,570,50,14,895.72
2554,2019-03-18,513,21,17,1538.16
2555,2019-03-18,926,40,7,555.17
2556,2019-03-18,972,23,2,32.54
2557,2019-03-18,28,43,18,732.42
2558,2019-03-18,180,41,2,130.7
2559,2019-03-19,395,7,11,152.13
2560,2019-03-19,148,8,2,79.32
2561,2019-03-19,994,24,10,312.6
2562,2019-03-19,849,33,13,1068.86
2563,2019-03-19,790,30,9,206.64
2564,2019-03-19,622,50,5,188.75
2565,2019-03-19,690,40,16,1268.96
2566,2019-03-19,10,59,17,1262.76
2567,2019-03-19,695,17,18,608.04
2568,2019-03-19,422,19,1,22.83
2569,2019-03-19,516,25,20,1474.0
2570,2019-03-19,907,41,2,113.7
2571,2019-03-19,984,42,14,1225.14
2572,2019-03-19,260,51,11,828.52
2573,2019-03-19,583,9,15,450.15
2574,2019-03-19,398,7,2,27.66
2575,2019-03-19,942,13,20,262.6
2576,2019-03-19,844,32,14,1292.62
2577,2019-03-19,314,58,15,1095.75
2578,2019-03-19,116,31,7,390.39
2579,2019-03-19,465,40,13,1031.03
2580,2019-03-19,337,33,2,164.44
2581,2019-03-19,28,45,13,595.01
2582,2019-03-19,49,55,2,17.1
2583,2019-03-19,713,59,6,445.68
2584,2019-03-19,462,21,16,1013.44
2585,2019-03-19,659,27,9,426.69
2586,2019-03-19,160,48,5,172.35
2587,2019-03-19,489,20,13,701.61
2588,2019-03-19,79,15,15,173.85
2589,2019-03-19,929,20,18,1316.16
2590,2019-03-19,101,25,7,515.9
2591,2019-03-19,895,5,14,1223.46
2592,2019-03-19,819,29,20,1184.6
2593,2019-03-19,62,58,1,73.05
2594,2019-03-19,767,36,14,193.62
2595,2019-03-19,308,12,18,766.08
2596,2019-03-19,117,26,1,84.2
2597,2019-03-19,970,51,18,1355.76
2598,2019-03-19,327,13,4,79.6
2599,2019-03-19,444,47,18,869.76
2600,2019-03-19,294,29,7,414.61
2601,2019-03-19,208,7,10,71.9
2602,2019-03-19,835,4,3,204.48
2603,2019-03-19,99,43,17,691.73
2604,2019-03-19,685,39,13,486.85
2605,2019-03-19,904,20,6,522.3
2606,2019-03-19,576,36,14,193.62
2607,2019-03-19,707,16,5,277.25
2608,2019-03-19,321,27,16,758.56
2609,2019-03-19,955,49,15,939.0
2610,2019-03-19,56,27,3,142.23
2611,2019-03-19,955,33,13,1068.86
2612,2019-03-19,796,29,20,1184.6
2613,2019-03-19,690,50,8,511.84
2614,2019-03-19,373,25,1,73.7
2615,2019-03-19,144,22,11,662.86
2616,2019-03-19,856,46,12,588.84
2617,2019-03-19,37,37,10,545.5
2618,2019-03-20,245,48,17,623.39
2619,2019-03-20,519,44,4,84.64
2620,2019-03-20,132,4,14,954.24
2621,2019-03-20,333,55,16,136.8
2622,2019-03-20,227,43,14,569.66
2623,2019-03-20,67,34,3,298.62
2624,2019-03-20,405,11,9,139.14
2625,2019-03-20,723,19,6,136.98
2626,2019-03-20,167,43,18,732.42
2627,2019-03-20,321,43,8,325.52
2628,2019-03-20,939,36,7,96.81
2629,2019-03-20,858,6,20,1984.4
2630,2019-03-20,380,46,12,640.44
2631,2019-03-20,566,50,13,831.74
2632,2019-03-20,479,25,7,515.9
2633,2019-03-20,206,5,19,1361.54
2634,2019-03-20,418,52,5,493.7
2635,2019-03-20,657,43,17,691.73
2636,2019-03-20,782,42,11,962.61
2637,2019-03-20,831,40,12,951.72
2638,2019-03-20,25,41,8,522.8
2639,2019-03-20,215,40,12,951.72
2640,2019-03-20,96,43,1,27.26
2641,2019-03-20,764,39,11,411.95
2642,2019-03-20,231,35,6,574.08
2643,2019-03-20,967,25,3,221.1
2644,2019-03-20,456,42,12,1050.12
2645,2019-03-20,475,13,7,139.3
2646,2019-03-20,762,25,7,479.78
2647,2019-03-20,901,15,10,141.3
2648,2019-03-20,988,21,13,1176.24
2649,2019-03-20,603,39,5,187.25
2650,2019-03-20,498,32,20,1846.6
2651,2019-03-20,479,15,12,113.64
2652,2019-03-20,104,19,11,251.13
2653,2019-03-20,400,34,17,1692.18
2654,2019-03-20,935,27,1,47.41
2655,2019-03-20,611,32,8,738.64
2656,2019-03-20,16,19,18,410.94
2657,2019-03-20,748,32,1,92.33
2658,2019-03-20,310,54,15,566.85
2659,2019-03-20,238,44,5,153.35
2660,2019-03-20,869,18,12,675.96
2661,2019-03-20,247,53,13,596.96
2662,2019-03-20,310,8,14,590.66
2663,2019-03-20,544,50,1,31.99
2664,2019-03-20,496,17,1,33.78
2665,2019-03-21,539,31,3,145.56
2666,2019-03-21,943,21,5,303.1
2667,2019-03-21,688,31,16,892.32
2668,2019-03-21,128,26,1,53.05
2669,2019-03-21,86,9,16,480.16
2670,2019-03-21,709,15,12,169.56
2671,2019-03-21,363,39,4,149.8
2672,2019-03-21,319,34,13,1294.02
2673,2019-03-21,659,38,16,351.68
2674,2019-03-21,46,26,10,842.0
2675,2019-03-21,692,6,18,1785.96
2676,2019-03-21,503,22,7,299.46
2677,2019-03-21,282,16,9,374.31
2678,2019-03-21,143,40,19,1506.89
2679,2019-03-21,959,2,1,85.74
2680,2019-03-21,227,5,17,1485.63
2681,2019-03-21,120,22,16,800.32
2682,2019-03-21,840,59,20,1485.6
2683,2019-03-21,917,5,1,87.39
2684,2019-03-21,358,52,5,493.7
2685,2019-03-21,559,22,16,964.16
2686,2019-03-21,594,10,17,1482.57
2687,2019-03-21,810,30,9,206.64
2688,2019-03-21,821,49,15,910.8
2689,2019-03-21,706,41,5,326.75
2690,2019-03-21,63,45,5,228.85
2691,2019-03-21,426,37,8,495.92
2692,2019-03-21,31,39,11,411.95
2693,2019-03-21,519,6,4,265.92
2694,2019-03-21,957,39,10,277.1
2695,2019-03-21,145,57,14,595.7
2696,2019-03-21,828,39,19,711.55
2697,2019-03-21,890,48,16,381.44
2698,2019-03-21,797,10,12,1067.88
2699,2019-03-21,166,37,5,195.25
2700,2019-03-21,716,56,8,164.24
2701,2019-03-21,649,52,3,296.22
2702,2019-03-21,603,58,19,1387.95
2703,2019-03-21,24,1,5,23.55
2704,2019-03-21,911,26,19,1599.8
2705,2019-03-21,813,45,18,823.86
2706,2019-03-21,502,4,5,282.85
2707,2019-03-21,464,30,17,202.98
2708,2019-03-21,433,54,18,680.22
2709,2019-03-21,84,8,9,261.99
2710,2019-03-21,948,48,4,146.68
2711,2019-03-21,446,7,15,207.45
2712,2019-03-21,609,21,17,1538.16
2713,2019-03-21,415,60,7,288.54
2714,2019-03-21,797,50,1,63.98
2715,2019-03-21,994,50,6,341.64
2716,2019-03-21,685,37,2,123.98
2717,2019-03-21,642,37,8,495.92
2718,2019-03-21,153,14,19,1888.6
2719,2019-03-21,944,22,3,180.78
2720,2019-03-21,442,8,8,337.52
2721,2019-03-21,634,3,9,547.38
2722,2019-03-21,366,51,7,527.24
2723,2019-03-23,503,30,9,206.64
2724,2019-03-23,575,19,8,182.64
2725,2019-03-23,825,24,9,281.34
2726,2019-03-23,210,47,6,289.92
2727,2019-03-23,566,19,17,388.11
2728,2019-03-23,121,8,9,368.28
2729,2019-03-23,520,45,18,766.26
2730,2019-03-23,7,2,17,1457.58
2731,2019-03-23,401,5,17,831.98
2732,2019-03-23,859,31,14,710.5
2733,2019-03-23,86,20,9,783.45
2734,2019-03-23,33,54,3,113.37
2735,2019-03-23,910,34,5,497.7
2736,2019-03-23,398,22,6,361.56
2737,2019-03-23,642,50,17,1087.66
2738,2019-03-23,241,29,1,59.23
2739,2019-03-23,500,24,7,183.82
2740,2019-03-23,329,52,2,159.96
2741,2019-03-23,215,8,10,421.9
2742,2019-03-23,153,58,19,888.25
2743,2019-03-23,23,8,19,801.61
2744,2019-03-23,199,45,12,549.24
2745,2019-03-23,120,25,20,1474.0
2746,2019-03-23,562,50,13,831.74
2747,2019-03-23,941,9,17,510.17
2748,2019-03-23,745,34,13,1294.02
2749,2019-03-23,17,35,18,1722.24
2750,2019-03-23,841,43,10,406.9
2751,2019-03-23,754,32,13,1200.29
2752,2019-03-23,655,25,16,966.88
2753,2019-03-23,669,20,2,137.54
2754,2019-03-23,47,25,2,147.4
2755,2019-03-23,521,22,7,421.82
2756,2019-03-23,954,59,13,965.64
2757,2019-03-23,264,2,15,1286.1
2758,2019-03-23,243,39,6,224.7
2759,2019-03-23,236,33,17,1397.74
2760,2019-03-23,953,56,10,201.2
2761,2019-03-23,729,28,20,564.8
2762,2019-03-23,457,10,13,1156.87
2763,2019-03-23,950,37,19,612.37
2764,2019-03-23,804,40,1,79.31
2765,2019-03-23,881,6,18,1785.96
2766,2019-03-23,319,56,14,287.42
2767,2019-03-23,562,44,12,191.4
2768,2019-03-23,621,48,5,122.85
2769,2019-03-23,900,54,16,604.64
2770,2019-03-23,698,18,6,337.98
2771,2019-03-23,626,26,3,252.6
2772,2019-03-23,467,45,2,91.54
2773,2019-03-23,147,2,19,830.87
2774,2019-03-23,633,18,14,654.5
2775,2019-03-23,94,50,2,127.96
2776,2019-03-23,558,5,7,611.73
2777,2019-03-23,483,27,12,568.92
2778,2019-03-23,21,49,18,1126.8
2779,2019-03-23,224,36,8,110.64
2780,2019-03-23,809,36,11,115.61
2781,2019-03-23,973,51,15,1129.8
2782,2019-03-23,478,21,15,1085.7
2783,2019-03-23,517,21,2,180.96
2784,2019-03-23,883,29,14,655.06
2785,2019-03-23,778,52,13,1283.62
2786,2019-03-23,43,23,11,168.19
2787,2019-03-23,811,5,17,1485.63
2788,2019-03-23,90,37,17,969.51
2789,2019-03-23,955,50,19,1215.62
2790,2019-03-23,937,24,12,375.12
2791,2019-03-23,783,44,19,582.73
2792,2019-03-23,516,58,11,803.55
2793,2019-03-23,587,1,18,114.48
2794,2019-03-23,160,36,10,124.5
2795,2019-03-23,983,1,8,50.88
2796,2019-03-23,276,51,3,225.96
2797,2019-03-23,101,41,6,392.1
2798,2019-03-23,689,57,6,292.38
2799,2019-03-23,140,32,19,1754.27
2800,2019-03-23,359,44,15,460.05
2801,2019-03-23,565,31,8,272.16
2802,2019-03-23,752,23,10,162.7
2803,2019-03-23,540,16,18,998.1
2804,2019-03-23,210,17,16,540.48
2805,2019-03-23,211,37,3,185.97
2806,2019-03-23,70,14,3,298.2
2807,2019-03-23,869,5,11,961.29
2808,2019-03-23,250,21,1,90.48
2809,2019-03-23,530,7,11,98.89
2810,2019-03-23,545,43,17,691.73
2811,2019-03-23,461,20,8,696.4
2812,2019-03-23,111,13,16,318.4
2813,2019-03-23,522,14,2,198.8
2814,2019-03-23,527,27,19,675.64
2815,2019-03-23,76,35,10,526.2
2816,2019-03-23,234,54,11,415.69
2817,2019-03-23,53,51,12,903.84
2818,2019-03-23,841,55,20,171.0
2819,2019-03-23,992,2,6,514.44
2820,2019-03-23,71,29,12,710.76
2821,2019-03-23,846,44,3,92.01
2822,2019-03-23,420,56,17,349.01
2823,2019-03-24,384,53,7,518.42
2824,2019-03-24,923,5,8,699.12
2825,2019-03-24,278,17,13,439.14
2826,2019-03-24,689,33,10,822.2
2827,2019-03-24,854,25,15,1105.5
2828,2019-03-24,596,37,1,36.57
2829,2019-03-24,676,38,18,328.32
2830,2019-03-24,291,49,6,375.6
2831,2019-03-24,691,52,7,670.46
2832,2019-03-24,102,35,9,663.03
2833,2019-03-24,942,21,12,814.32
2834,2019-03-24,584,12,17,658.41
2835,2019-03-24,217,10,18,1601.82
2836,2019-03-24,959,5,17,1366.8
2837,2019-03-24,38,31,3,167.31
2838,2019-03-24,133,25,2,98.76
2839,2019-03-24,651,28,9,249.12
2840,2019-03-24,819,6,18,1250.1
2841,2019-03-24,742,30,8,148.8
2842,2019-03-24,551,39,3,112.35
2843,2019-03-24,899,28,2,56.48
2844,2019-03-24,467,35,18,1722.24
2845,2019-03-24,789,26,6,505.2
2846,2019-03-24,885,55,5,27.35
2847,2019-03-24,688,20,17,902.7
2848,2019-03-24,839,23,15,244.05
2849,2019-03-24,34,12,12,510.72
2850,2019-03-24,205,29,12,476.16
2851,2019-03-24,631,3,10,654.0
2852,2019-03-24,367,23,1,16.27
2853,2019-03-24,36,12,11,468.16
2854,2019-03-24,698,16,12,665.4
2855,2019-03-24,418,14,3,298.2
2856,2019-03-24,83,34,11,1094.94
2857,2019-03-24,556,44,12,368.04
2858,2019-03-24,821,24,13,406.38
2859,2019-03-24,932,55,8,63.6
2860,2019-03-24,452,38,11,241.78
2861,2019-03-24,153,35,15,1435.2
2862,2019-03-24,950,33,7,575.54
2863,2019-03-24,400,23,3,48.81
2864,2019-03-24,490,2,20,1714.8
2865,2019-03-24,638,26,20,976.8
2866,2019-03-24,209,52,19,1144.37
2867,2019-03-24,641,52,10,987.4
2868,2019-03-24,785,33,4,328.88
2869,2019-03-24,897,16,12,665.4
2870,2019-03-24,361,40,9,713.79
2871,2019-03-24,456,20,4,348.2
2872,2019-03-24,209,39,10,277.1
2873,2019-03-24,680,57,20,1207.8
2874,2019-03-24,995,44,16,490.72
2875,2019-03-24,884,21,15,1357.2
2876,2019-03-24,362,25,1,67.8
2877,2019-03-24,244,47,12,579.84
2878,2019-03-24,483,11,16,185.44
2879,2019-03-24,771,19,8,182.64
2880,2019-03-24,110,20,17,1479.85
2881,2019-03-24,29,56,17,349.01
2882,2019-03-24,731,51,7,527.24
2883,2019-03-24,692,42,16,1400.16
2884,2019-03-24,114,57,3,205.89
2885,2019-03-24,288,5,15,1284.6
2886,2019-03-24,751,52,9,817.56
2887,2019-03-24,788,53,18,1333.08
2888,2019-03-24,210,55,18,107.82
2889,2019-03-24,116,2,19,1254.38
2890,2019-03-24,326,15,4,32.8
2891,2019-03-24,579,18,9,506.97
2892,2019-03-24,421,12,18,766.08
2893,2019-03-24,304,53,20,1481.2
2894,2019-03-24,736,38,7,153.86
2895,2019-03-24,630,44,20,613.4
2896,2019-03-24,356,44,10,288.3
2897,2019-03-24,974,24,4,75.04
2898,2019-03-24,233,27,14,451.36
2899,2019-03-24,660,36,9,124.47
2900,2019-03-24,276,11,10,214.7
2901,2019-03-24,156,9,10,297.1
2902,2019-03-24,877,25,4,147.4
2903,2019-03-24,373,43,11,447.59
2904,2019-03-24,626,1,14,89.04
2905,2019-03-24,472,23,8,130.16
2906,2019-03-24,457,27,8,235.12
2907,2019-03-24,835,18,5,169.0
2908,2019-03-24,581,20,12,825.24
2909,2019-03-24,959,51,19,1431.08
2910,2019-03-24,75,42,7,612.57
2911,2019-03-24,80,57,12,823.56
2912,2019-03-24,729,59,14,1039.92
2913,2019-03-24,52,40,14,1110.34
2914,2019-03-24,446,3,13,850.2
2915,2019-03-24,291,47,12,579.84
2916,2019-03-24,304,6,10,803.7
2917,2019-03-24,645,9,5,99.05
2918,2019-03-24,290,57,1,63.14
2919,2019-03-24,354,24,14,437.64
2920,2019-03-24,116,44,9,276.03
2921,2019-03-24,142,48,12,440.04
2922,2019-03-24,261,36,5,36.65
2923,2019-03-24,459,14,10,775.3
2924,2019-03-24,79,2,5,428.7
2925,2019-03-24,619,14,20,1988.0
2926,2019-03-25,920,29,11,651.53
2927,2019-03-25,494,36,17,126.99
2928,2019-03-25,704,18,6,337.98
2929,2019-03-25,145,24,18,562.68
2930,2019-03-25,367,20,2,165.4
2931,2019-03-25,647,28,2,56.48
2932,2019-03-25,326,28,12,338.88
2933,2019-03-25,698,34,20,1831.6
2934,2019-03-25,302,39,2,71.16
2935,2019-03-25,94,47,5,241.6
2936,2019-03-25,495,19,6,136.98
2937,2019-03-25,153,19,6,136.98
2938,2019-03-25,375,10,20,1779.8
2939,2019-03-25,169,34,15,1493.1
2940,2019-03-25,383,15,12,130.56
2941,2019-03-25,764,56,4,41.08
2942,2019-03-25,59,41,1,65.35
2943,2019-03-25,361,60,1,41.22
2944,2019-03-25,823,29,10,592.3
2945,2019-03-25,580,15,8,113.04
2946,2019-03-25,549,10,10,889.9
2947,2019-03-25,845,33,19,1562.18
2948,2019-03-25,573,22,16,964.16
2949,2019-03-25,8,31,12,669.24
2950,2019-03-25,813,14,16,1590.4
2951,2019-03-25,804,47,17,821.44
2952,2019-03-25,406,23,19,309.13
2953,2019-03-25,528,29,3,177.69
2954,2019-03-25,235,59,5,371.4
2955,2019-03-25,137,48,10,366.7
2956,2019-03-25,251,32,7,646.31
2957,2019-03-25,239,23,8,130.16
2958,2019-03-25,164,44,7,156.73
2959,2019-03-25,411,36,9,124.47
2960,2019-03-25,788,41,8,522.8
2961,2019-03-25,814,26,5,421.0
2962,2019-03-25,283,11,20,352.2
2963,2019-03-25,659,38,12,137.16
2964,2019-03-25,256,41,10,653.5
2965,2019-03-25,744,29,9,410.49
2966,2019-03-25,287,58,13,949.65
2967,2019-03-25,911,42,6,525.06
2968,2019-03-25,253,27,11,292.05
2969,2019-03-25,861,37,10,619.9
2970,2019-03-25,772,19,16,365.28
2971,2019-03-25,395,24,14,437.64
2972,2019-03-25,918,5,10,873.9
2973,2019-03-25,329,14,11,699.82
2974,2019-03-25,455,58,3,219.15
2975,2019-03-25,613,19,3,63.69
2976,2019-03-25,801,11,13,203.71
2977,2019-03-25,316,13,17,338.3
2978,2019-03-25,9,6,20,1984.4
2979,2019-03-25,540,43,6,244.14
2980,2019-03-25,419,12,10,425.6
2981,2019-03-25,155,38,1,21.98
2982,2019-03-25,158,45,9,395.46
2983,2019-03-25,260,6,6,595.32
2984,2019-03-25,955,43,13,528.97
2985,2019-03-25,783,10,10,889.9
2986,2019-03-25,607,24,9,281.34
2987,2019-03-25,820,54,17,642.43
2988,2019-03-25,163,54,19,488.3
2989,2019-03-25,741,40,14,1110.34
2990,2019-03-25,439,4,8,545.28
2991,2019-03-25,683,48,10,366.7
2992,2019-03-25,908,29,13,769.99
2993,2019-03-25,680,7,12,165.96
2994,2019-03-25,991,50,6,383.88
2995,2019-03-25,849,24,10,312.6
2996,2019-03-25,174,12,13,553.28
2997,2019-03-25,779,36,9,124.47
2998,2019-03-25,76,22,12,723.12
2999,2019-03-25,817,12,18,766.08
3000,2019-03-25,739,23,19,309.13
3001,2019-03-25,991,11,19,407.93
3002,2019-03-25,231,17,3,60.81
3003,2019-03-25,640,24,13,406.38
3004,2019-03-25,153,56,8,164.24
3005,2019-03-25,17,48,8,293.36
3006,2019-03-25,749,11,17,364.99
3007,2019-03-25,871,35,12,1148.16
3008,2019-03-25,728,15,4,56.52
3009,2019-03-25,660,58,10,730.5
3010,2019-03-25,599,16,17,942.65
3011,2019-03-25,605,11,4,85.88
3012,2019-03-25,130,15,7,98.91
3013,2019-03-25,566,58,2,146.1
3014,2019-03-25,444,53,13,962.78
3015,2019-03-25,268,53,17,1259.02
3016,2019-03-25,507,15,13,183.69
3017,2019-03-25,139,2,18,1543.32
3018,2019-03-25,46,47,3,144.96
3019,2019-03-25,483,19,7,159.81
3020,2019-03-25,311,30,17,390.32
3021,2019-03-25,523,31,1,55.77
3022,2019-03-25,883,45,4,183.08
3023,2019-03-25,389,44,3,92.01
3024,2019-03-25,882,12,13,553.28
3025,2019-03-25,164,38,10,219.8
3026,2019-03-25,498,34,8,796.32
3027,2019-03-25,244,34,15,1493.1
3028,2019-03-25,152,20,14,1218.7
3029,2019-03-25,803,50,3,176.58
3030,2019-03-25,79,27,4,189.64
3031,2019-03-25,388,43,17,366.69
3032,2019-03-25,171,26,18,803.34
3033,2019-03-25,340,48,2,73.34
3034,2019-03-25,740,44,10,306.7
3035,2019-03-25,594,14,15,1237.5
3036,2019-03-25,133,43,12,488.28
3037,2019-03-25,822,53,1,74.06
3038,2019-03-25,790,22,3,128.34
3039,2019-03-25,315,32,2,184.66
3040,2019-03-25,789,48,17,579.7
3041,2019-03-25,256,34,7,696.78
3042,2019-03-26,294,6,3,297.66
3043,2019-03-26,335,47,2,75.38
3044,2019-03-26,46,14,5,497.0
3045,2019-03-26,556,20,6,522.3
3046,2019-03-26,290,27,5,237.05
3047,2019-03-26,693,51,12,768.24
3048,2019-03-26,665,8,3,126.57
3049,2019-03-26,441,37,13,660.79
3050,2019-03-26,209,23,17,276.59
3051,2019-03-26,157,16,3,166.35
3052,2019-03-26,391,55,4,32.48
3053,2019-03-26,523,26,14,1178.8
3054,2019-03-26,863,46,16,981.44
3055,2019-03-26,141,5,7,611.73
3056,2019-03-26,274,48,10,297.0
3057,2019-03-26,821,54,3,113.37
3058,2019-03-26,474,23,6,57.6
3059,2019-03-26,866,27,5,237.05
3060,2019-03-26,920,57,10,398.1
3061,2019-03-26,902,54,19,574.37
3062,2019-03-26,655,6,6,595.32
3063,2019-03-26,811,45,13,595.01
3064,2019-03-26,302,29,7,310.94
3065,2019-03-26,190,41,2,130.7
3066,2019-03-26,10,5,18,1431.36
3067,2019-03-26,642,16,6,332.7
3068,2019-03-26,643,43,1,32.55
3069,2019-03-26,723,52,12,1184.88
3070,2019-03-26,345,24,11,343.86
3071,2019-03-26,342,9,5,138.05
3072,2019-03-26,150,32,5,461.65
3073,2019-03-26,512,49,15,873.3
3074,2019-03-26,149,53,17,1259.02
3075,2019-03-26,518,40,8,634.48
3076,2019-03-26,337,28,9,254.16
3077,2019-03-26,814,7,18,248.94
3078,2019-03-26,451,3,4,261.6
3079,2019-03-26,306,5,8,699.12
3080,2019-03-26,418,55,3,24.36
3081,2019-03-26,306,43,6,244.14
3082,2019-03-26,985,19,2,45.66
3083,2019-03-26,988,39,2,74.9
3084,2019-03-26,907,5,20,1747.8
3085,2019-03-26,911,18,10,563.3
3086,2019-03-26,767,43,5,203.45
3087,2019-03-26,938,48,3,110.01
3088,2019-03-26,628,58,3,186.27
3089,2019-03-26,85,31,13,725.01
3090,2019-03-26,885,47,13,628.16
3091,2019-03-26,218,5,16,1398.24
3092,2019-03-26,955,8,13,548.47
3093,2019-03-26,715,38,20,439.6
3094,2019-03-26,283,37,6,371.94
3095,2019-03-26,335,15,8,113.04
3096,2019-03-26,242,40,13,1031.03
3097,2019-03-26,204,9,15,450.15
3098,2019-03-26,168,9,14,420.14
3099,2019-03-26,358,18,16,739.04
3100,2019-03-26,546,12,16,347.36
3101,2019-03-26,752,3,1,65.4
3102,2019-03-26,953,54,13,348.79
3103,2019-03-26,538,34,4,286.68
3104,2019-03-26,916,59,16,1188.48
3105,2019-03-26,199,52,19,1876.06
3106,2019-03-26,465,13,11,218.9
3107,2019-03-26,797,41,4,261.4
3108,2019-03-26,362,3,3,196.2
3109,2019-03-26,620,16,20,1109.0
3110,2019-03-26,45,7,13,179.79
3111,2019-03-26,496,39,12,449.4
3112,2019-03-26,56,27,19,900.79
3113,2019-03-26,29,16,20,1109.0
3114,2019-03-26,519,11,5,84.8
3115,2019-03-26,357,16,7,388.15
3116,2019-03-26,392,46,8,490.72
3117,2019-03-26,527,42,14,1225.14
3118,2019-03-26,820,3,11,719.4
3119,2019-03-26,216,34,2,199.08
3120,2019-03-26,178,39,15,561.75
3121,2019-03-26,824,20,2,174.1
3122,2019-03-26,102,46,7,429.38
3123,2019-03-26,886,47,12,579.84
3124,2019-03-26,650,57,18,1235.34
3125,2019-03-26,492,58,12,876.6
3126,2019-03-26,450,23,4,65.08
3127,2019-03-26,233,5,20,1747.8
3128,2019-03-26,322,58,14,1022.7
3129,2019-03-26,676,41,4,261.4
3130,2019-03-26,951,30,20,339.8
3131,2019-03-26,157,59,3,222.84
3132,2019-03-26,650,52,12,1184.88
3133,2019-03-26,463,36,10,138.3
3134,2019-03-26,608,41,19,1241.65
3135,2019-03-26,30,6,18,1785.96
3136,2019-03-26,888,43,10,406.9
3137,2019-03-26,641,41,12,713.64
3138,2019-03-26,245,19,1,22.83
3139,2019-03-26,114,42,8,700.08
3140,2019-03-26,586,33,13,1068.86
3141,2019-03-26,956,45,10,457.7
3142,2019-03-26,543,29,9,533.07
3143,2019-03-26,623,34,18,1791.72
3144,2019-03-27,736,17,11,371.58
3145,2019-03-27,915,8,14,590.66
3146,2019-03-27,336,20,13,1131.65
3147,2019-03-27,240,40,10,666.2
3148,2019-03-27,802,51,17,1280.44
3149,2019-03-27,349,48,19,696.73
3150,2019-03-27,618,36,18,248.94
3151,2019-03-27,622,51,19,1431.08
3152,2019-03-27,467,51,11,828.52
3153,2019-03-27,562,6,8,420.72
3154,2019-03-27,314,2,14,1200.36
3155,2019-03-27,16,49,10,626.0
3156,2019-03-27,404,38,4,87.92
3157,2019-03-27,26,4,10,681.6
3158,2019-03-27,286,26,10,842.0
3159,2019-03-27,771,2,6,514.44
3160,2019-03-27,651,48,5,183.35
3161,2019-03-27,883,50,4,148.44
3162,2019-03-27,879,53,20,1466.4
3163,2019-03-27,834,44,16,490.72
3164,2019-03-27,954,9,4,120.04
3165,2019-03-27,578,52,4,394.96
3166,2019-03-27,845,35,8,765.44
3167,2019-03-27,539,58,11,803.55
3168,2019-03-27,806,41,5,326.75
3169,2019-03-27,940,37,12,699.24
3170,2019-03-27,269,52,15,1481.1
3171,2019-03-27,892,28,6,169.44
3172,2019-03-27,544,32,19,1754.27
3173,2019-03-27,260,60,9,370.98
3174,2019-03-27,594,1,14,89.04
3175,2019-03-27,404,37,6,290.1
3176,2019-03-27,276,4,20,1363.2
3177,2019-03-27,434,58,17,1241.85
3178,2019-03-27,446,49,19,1189.4
3179,2019-03-27,704,13,13,258.7
3180,2019-03-27,46,45,12,549.24
3181,2019-03-27,199,11,17,364.99
3182,2019-03-27,185,51,7,516.67
3183,2019-03-27,171,58,5,365.25
3184,2019-03-27,60,24,11,343.86
3185,2019-03-27,276,28,10,282.4
3186,2019-03-27,396,8,5,210.95
3187,2019-03-27,928,14,12,1192.8
3188,2019-03-27,193,6,8,793.76
3189,2019-03-27,516,14,16,1590.4
3190,2019-03-27,947,5,13,1136.07
3191,2019-03-27,784,1,1,3.63
3192,2019-03-27,426,14,9,894.6
3193,2019-03-27,505,30,16,191.04
3194,2019-03-27,794,35,20,1913.6
3195,2019-03-27,675,47,8,386.56
3196,2019-03-27,473,50,8,511.84
3197,2019-03-27,955,19,1,22.83
3198,2019-03-27,607,11,1,16.1
3199,2019-03-27,14,58,5,365.25
3200,2019-03-27,51,14,11,1093.4
3201,2019-03-27,610,22,4,241.04
3202,2019-03-27,959,4,12,474.36
3203,2019-03-27,52,13,9,179.1
3204,2019-03-27,140,54,8,302.32
3205,2019-03-27,993,40,20,1586.2
3206,2019-03-27,992,7,7,96.81
3207,2019-03-27,924,51,3,225.96
3208,2019-03-27,324,14,14,1391.6
3209,2019-03-27,847,55,3,25.65
3210,2019-03-27,993,23,16,260.32
3211,2019-03-27,345,40,2,133.24
3212,2019-03-27,593,59,3,173.82
3213,2019-03-27,857,4,10,681.6
3214,2019-03-27,954,58,6,438.3
3215,2019-03-27,702,27,10,474.1
3216,2019-03-27,959,24,11,343.86
3217,2019-03-27,203,3,16,1046.4
3218,2019-03-27,336,51,17,1280.44
3219,2019-03-27,618,8,17,545.02
3220,2019-03-27,479,17,17,574.26
3221,2019-03-27,512,23,15,207.45
3222,2019-03-27,797,44,13,398.71
3223,2019-03-27,747,14,20,1988.0
3224,2019-03-27,687,20,18,1566.9
3225,2019-03-27,378,11,14,300.58
3226,2019-03-27,397,27,4,189.64
3227,2019-03-27,74,39,10,374.5
3228,2019-03-27,786,42,10,875.1
3229,2019-03-27,696,43,13,528.97
3230,2019-03-27,221,59,13,965.64
3231,2019-03-27,99,31,6,334.62
3232,2019-03-27,366,41,8,522.8
3233,2019-03-27,710,32,1,92.33
3234,2019-03-27,628,30,12,234.24
3235,2019-03-27,963,49,13,813.8
3236,2019-03-27,309,27,17,805.97
3237,2019-03-27,354,16,12,665.4
3238,2019-03-27,952,3,16,1046.4
3239,2019-03-27,522,48,18,660.06
3240,2019-03-27,304,5,12,597.72
3241,2019-03-27,781,4,7,477.12
3242,2019-03-27,142,10,2,177.98
3243,2019-03-27,438,36,18,126.9
3244,2019-03-27,326,17,17,574.26
3245,2019-03-27,897,16,3,166.35
3246,2019-03-27,135,12,1,42.56
3247,2019-03-27,268,45,19,869.63
3248,2019-03-27,406,50,19,1215.62
3249,2019-03-27,387,54,3,113.37
3250,2019-03-28,987,58,5,284.9
3251,2019-03-28,748,21,14,1051.4
3252,2019-03-28,300,43,9,366.21
3253,2019-03-28,418,25,12,884.4
3254,2019-03-28,910,59,2,135.18
3255,2019-03-28,521,26,2,168.4
3256,2019-03-28,355,22,9,542.34
3257,2019-03-28,619,19,13,296.79
3258,2019-03-28,642,25,5,368.5
3259,2019-03-28,718,49,3,187.8
3260,2019-03-28,582,14,16,1590.4
3261,2019-03-28,546,38,5,109.9
3262,2019-03-28,178,21,8,680.4
3263,2019-03-28,233,60,9,370.98
3264,2019-03-28,897,33,12,986.64
3265,2019-03-28,418,57,7,480.41
3266,2019-03-28,585,1,4,25.44
3267,2019-03-28,320,25,8,418.64
3268,2019-03-28,713,37,13,805.87
3269,2019-03-28,637,48,9,330.03
3270,2019-03-28,715,7,2,27.66
3271,2019-03-28,268,38,20,439.6
3272,2019-03-28,846,5,5,436.95
3273,2019-03-28,342,15,12,169.56
3274,2019-03-28,582,19,15,291.15
3275,2019-03-28,256,57,19,1121.38
3276,2019-03-28,540,5,8,699.12
3277,2019-03-28,559,10,11,978.89
3278,2019-03-28,73,6,19,1885.18
3279,2019-03-28,929,36,16,221.28
3280,2019-03-28,449,49,2,125.2
3281,2019-03-28,71,48,18,580.86
3282,2019-03-28,95,45,8,366.16
3283,2019-03-28,498,51,5,376.6
3284,2019-03-28,268,9,12,360.12
3285,2019-03-28,415,17,12,405.36
3286,2019-03-28,823,8,12,506.28
3287,2019-03-28,487,41,14,914.9
3288,2019-03-28,352,41,3,178.41
3289,2019-03-28,572,45,5,155.6
3290,2019-03-28,863,20,18,1566.9
3291,2019-03-28,743,44,20,423.2
3292,2019-03-28,468,40,2,109.44
3293,2019-03-28,279,46,2,122.68
3294,2019-03-28,584,16,17,942.65
3295,2019-03-28,644,6,2,198.44
3296,2019-03-28,314,28,14,395.36
3297,2019-03-28,48,27,17,805.97
3298,2019-03-28,421,54,6,226.74
3299,2019-03-28,147,5,8,699.12
3300,2019-03-28,925,37,18,1115.82
3301,2019-03-28,211,19,16,288.64
3302,2019-03-28,231,16,12,392.64
3303,2019-03-28,713,9,20,600.2
3304,2019-03-28,684,29,11,651.53
3305,2019-03-28,984,55,20,171.0
3306,2019-03-28,45,58,15,876.6
3307,2019-03-28,775,4,15,1022.4
3308,2019-03-28,563,29,16,947.68
3309,2019-03-28,477,15,3,30.93
3310,2019-03-28,74,6,13,1018.94
3311,2019-03-28,330,19,16,277.6
3312,2019-03-28,527,43,3,122.07
3313,2019-03-28,631,56,6,123.18
3314,2019-03-28,97,52,1,98.74
3315,2019-03-28,48,16,14,776.3
3316,2019-03-28,321,7,1,13.83
3317,2019-03-28,701,8,4,168.76
3318,2019-03-28,143,7,9,124.47
3319,2019-03-28,805,43,16,651.04
3320,2019-03-28,651,5,11,961.29
3321,2019-03-28,707,57,13,892.19
3322,2019-03-28,156,41,14,914.9
3323,2019-03-28,511,45,18,823.86
3324,2019-03-28,44,12,11,360.47
3325,2019-03-28,156,7,5,69.15
3326,2019-03-28,161,58,12,876.6
3327,2019-03-28,382,21,11,995.28
3328,2019-03-28,309,46,17,802.91
3329,2019-03-28,558,30,20,459.2
3330,2019-03-28,503,23,20,325.4
3331,2019-03-28,727,19,5,114.15
3332,2019-03-29,954,48,15,550.05
3333,2019-03-29,278,26,7,589.4
3334,2019-03-29,602,39,17,636.65
3335,2019-03-29,870,2,19,1629.06
3336,2019-03-29,475,35,11,1052.48
3337,2019-03-29,979,56,11,225.83
3338,2019-03-29,618,44,13,358.8
3339,2019-03-29,515,26,7,589.4
3340,2019-03-29,737,45,11,417.89
3341,2019-03-29,485,17,12,405.36
3342,2019-03-29,167,3,8,434.24
3343,2019-03-29,771,3,4,245.92
3344,2019-03-29,32,27,5,237.05
3345,2019-03-29,60,3,8,523.2
3346,2019-03-29,827,43,15,610.35
3347,2019-03-29,773,32,14,1292.62
3348,2019-03-29,650,6,10,992.2
3349,2019-03-29,639,37,18,1115.82
3350,2019-03-29,282,26,3,252.6
3351,2019-03-29,13,4,2,136.32
3352,2019-03-29,809,23,20,325.4
3353,2019-03-29,46,44,3,92.01
3354,2019-03-29,234,51,15,1129.8
3355,2019-03-29,226,34,16,1592.64
3356,2019-03-29,954,15,13,183.69
3357,2019-03-29,409,18,16,901.28
3358,2019-03-29,651,8,16,675.04
3359,2019-03-29,563,58,8,496.72
3360,2019-03-29,685,40,11,514.69
3361,2019-03-29,574,37,15,929.85
3362,2019-03-29,394,2,8,562.48
3363,2019-03-29,794,15,19,268.47
3364,2019-03-29,457,10,1,88.99
3365,2019-03-29,992,43,2,81.38
3366,2019-03-29,792,60,6,192.9
3367,2019-03-29,930,15,20,282.6
3368,2019-03-29,717,51,10,753.2
3369,2019-03-29,376,9,5,150.05
3370,2019-03-29,473,49,16,1001.6
3371,2019-03-29,93,26,8,673.6
3372,2019-03-29,838,43,12,488.28
3373,2019-03-29,296,57,18,1235.34
3374,2019-03-29,69,24,15,468.9
3375,2019-03-29,886,23,9,146.43
3376,2019-03-29,684,44,15,414.0
3377,2019-03-29,158,59,12,891.36
3378,2019-03-29,419,53,7,518.42
3379,2019-03-29,850,30,20,459.2
3380,2019-03-29,30,28,15,423.6
3381,2019-03-29,115,41,8,444.4
3382,2019-03-29,718,14,13,1292.2
3383,2019-03-29,169,24,2,62.52
3384,2019-03-29,15,45,4,183.08
3385,2019-03-29,361,17,1,25.0
3386,2019-03-29,1,54,1,22.67
3387,2019-03-29,22,5,4,349.56
3388,2019-03-29,518,16,18,598.86
3389,2019-03-29,155,1,20,127.2
3390,2019-03-29,421,51,6,451.92
3391,2019-03-29,603,57,3,205.89
3392,2019-03-29,117,26,1,84.2
3393,2019-03-29,647,45,6,192.24
3394,2019-03-29,350,27,19,900.79
3395,2019-03-29,966,50,4,255.92
3396,2019-03-29,186,46,13,797.42
3397,2019-03-29,881,9,12,360.12
3398,2019-03-29,577,53,17,1259.02
3399,2019-03-29,587,17,19,641.82
3400,2019-03-29,400,40,11,785.18
3401,2019-03-29,40,23,3,48.81
3402,2019-03-29,607,50,7,447.86
3403,2019-03-29,827,38,13,285.74
3404,2019-03-29,803,2,16,919.2
3405,2019-03-29,491,10,12,790.2
3406,2019-03-29,428,48,13,476.71
3407,2019-03-29,103,56,8,164.24
3408,2019-03-29,790,32,8,738.64
3409,2019-03-29,215,43,6,244.14
3410,2019-03-29,522,5,1,87.39
3411,2019-03-29,336,26,20,1684.0
3412,2019-03-29,899,25,9,663.3
3413,2019-03-29,599,13,9,161.19
3414,2019-03-29,913,12,9,298.8
3415,2019-03-29,94,22,19,1144.94
3416,2019-03-29,781,18,14,583.52
3417,2019-03-29,623,46,13,797.42
3418,2019-03-29,170,15,7,98.91
3419,2019-03-29,782,30,4,91.84
3420,2019-03-29,924,1,16,101.76
3421,2019-03-29,642,56,1,20.53
3422,2019-03-29,262,36,15,132.75
3423,2019-03-29,6,44,12,368.04
3424,2019-03-29,209,51,3,225.96
3425,2019-03-29,596,54,10,377.9
3426,2019-03-29,208,58,12,876.6
3427,2019-03-29,503,49,10,388.1
3428,2019-03-29,762,11,11,236.17
3429,2019-03-29,428,28,17,480.08
3430,2019-03-29,346,26,11,926.2
3431,2019-03-29,405,54,2,75.58
3432,2019-03-29,993,3,6,392.4
3433,2019-03-29,684,58,9,512.82
3434,2019-03-29,274,31,13,725.01
3435,2019-03-29,433,6,10,992.2
3436,2019-03-29,657,31,4,140.56
3437,2019-03-29,751,12,16,667.36
3438,2019-03-29,63,33,13,641.29
3439,2019-03-29,17,6,10,992.2
3440,2019-03-29,229,27,16,758.56
3441,2019-03-30,224,42,1,87.51
3442,2019-03-30,669,59,16,1188.48
3443,2019-03-30,275,6,15,1488.3
3444,2019-03-30,203,31,10,518.7
3445,2019-03-30,342,31,10,557.7
3446,2019-03-30,664,7,5,69.15
3447,2019-03-30,845,29,20,746.2
3448,2019-03-30,199,56,8,164.24
3449,2019-03-30,135,50,1,63.98
3450,2019-03-30,151,28,7,197.68
3451,2019-03-30,913,42,12,1050.12
3452,2019-03-30,550,26,14,1178.8
3453,2019-03-30,918,55,17,145.35
3454,2019-03-30,190,48,14,513.38
3455,2019-03-30,874,8,17,702.95
3456,2019-03-30,385,49,18,743.76
3457,2019-03-30,938,60,13,535.86
3458,2019-03-30,636,35,1,95.68
3459,2019-03-30,526,45,1,45.77
3460,2019-03-30,221,28,1,28.24
3461,2019-03-30,574,22,18,1084.68
3462,2019-03-30,318,15,17,136.85
3463,2019-03-30,620,29,6,355.38
3464,2019-03-30,261,13,1,19.9
3465,2019-03-30,12,28,20,564.8
3466,2019-03-30,717,31,19,657.02
3467,2019-03-30,734,38,6,131.88
3468,2019-03-30,611,41,18,1176.3
3469,2019-03-30,788,50,8,511.84
3470,2019-03-30,598,47,5,159.45
3471,2019-03-30,286,50,16,624.48
3472,2019-03-30,541,12,5,212.8
3473,2019-03-30,737,19,15,342.45
3474,2019-03-30,148,7,20,276.6
3475,2019-03-30,202,52,5,493.7
3476,2019-03-30,93,40,5,396.55
3477,2019-03-30,636,42,20,1750.2
3478,2019-03-30,988,1,11,69.96
3479,2019-03-30,730,12,12,260.52
3480,2019-03-30,307,54,8,302.32
3481,2019-03-30,217,60,17,700.74
3482,2019-03-30,861,34,2,199.08
3483,2019-03-30,733,37,10,619.9
3484,2019-03-30,468,51,11,828.52
3485,2019-03-30,728,15,3,42.39
3486,2019-03-30,734,22,6,188.04
3487,2019-03-30,597,51,5,376.6
3488,2019-03-30,170,18,14,788.62
3489,2019-03-30,975,57,1,37.06
3490,2019-03-30,44,49,16,1001.6
3491,2019-03-30,25,60,17,665.72
3492,2019-03-30,687,19,13,296.79
3493,2019-03-30,152,57,15,545.55
3494,2019-03-30,223,18,2,112.66
3495,2019-03-30,342,1,6,38.16
3496,2019-03-30,560,22,2,120.52
3497,2019-03-30,963,44,10,306.7
3498,2019-03-30,258,21,7,633.36
3499,2019-03-30,10,48,15,550.05
3500,2019-03-30,470,28,20,564.8
3501,2019-03-30,143,53,2,148.12
3502,2019-03-30,44,18,1,56.33
3503,2019-03-30,887,25,18,1326.6
3504,2019-03-30,407,29,12,710.76
3505,2019-03-30,700,34,17,1692.18
3506,2019-03-30,214,26,19,1231.77
3507,2019-03-30,340,3,1,51.67
3508,2019-03-30,151,43,4,162.76
3509,2019-03-30,915,9,13,390.13
3510,2019-03-30,716,32,4,217.88
3511,2019-03-30,549,6,18,1785.96
3512,2019-03-30,86,6,18,1785.96
3513,2019-03-30,486,50,10,639.8
3514,2019-03-30,925,40,11,872.41
3515,2019-03-30,947,18,8,419.12
3516,2019-03-30,603,6,6,595.32
3517,2019-03-30,396,46,10,355.8
3518,2019-03-30,314,59,1,74.28
3519,2019-03-30,724,50,12,767.76
3520,2019-03-30,849,24,4,125.04
3521,2019-03-30,288,32,7,646.31
3522,2019-03-30,797,36,9,124.47
3523,2019-03-30,559,45,5,185.35
3524,2019-03-30,521,28,12,338.88
3525,2019-03-30,475,54,16,604.64
3526,2019-03-30,608,40,17,997.73
3527,2019-03-30,873,59,20,1485.6
3528,2019-03-30,63,28,14,395.36
3529,2019-03-30,980,18,10,563.3
3530,2019-03-30,449,30,11,161.59
3531,2019-03-30,826,47,1,48.32
3532,2019-03-30,749,55,16,136.8
3533,2019-03-30,27,48,18,660.06
3534,2019-03-30,347,19,15,342.45
3535,2019-03-31,591,54,20,755.8
3536,2019-03-31,529,43,2,81.38
3537,2019-03-31,235,50,1,51.82
3538,2019-03-31,408,13,9,179.1
3539,2019-03-31,858,30,4,91.84
3540,2019-03-31,211,3,1,65.4
3541,2019-03-31,370,28,4,112.96
3542,2019-03-31,735,34,8,796.32
3543,2019-03-31,801,34,18,1791.72
3544,2019-03-31,160,8,6,253.14
3545,2019-03-31,171,48,1,36.67
3546,2019-03-31,751,30,5,79.2
3547,2019-03-31,109,19,11,251.13
3548,2019-03-31,467,20,19,1653.95
3549,2019-03-31,876,14,3,298.2
3550,2019-03-31,390,52,1,98.74
3551,2019-03-31,256,50,20,1279.6
3552,2019-03-31,90,17,5,97.95
3553,2019-03-31,738,9,9,270.09
3554,2019-03-31,502,26,2,168.4
3555,2019-03-31,128,48,20,733.4
3556,2019-03-31,426,47,1,48.32
3557,2019-03-31,583,15,13,183.69
3558,2019-03-31,972,10,4,355.96
3559,2019-03-31,690,15,5,70.65
3560,2019-03-31,455,6,17,1686.74
3561,2019-03-31,999,31,10,557.7
3562,2019-03-31,732,6,8,793.76
3563,2019-03-31,908,10,2,177.98
3564,2019-03-31,672,42,14,1225.14
3565,2019-03-31,952,2,9,771.66
3566,2019-03-31,37,26,16,1347.2
3567,2019-03-31,70,58,18,1314.9
3568,2019-03-31,80,14,14,1349.88
3569,2019-03-31,715,58,14,1022.7
3570,2019-03-31,164,15,15,211.95
3571,2019-03-31,70,3,19,1242.6
3572,2019-03-31,897,40,16,1268.96
3573,2019-03-31,189,4,9,613.44
3574,2019-03-31,16,52,1,98.74
3575,2019-03-31,235,13,1,10.15
3576,2019-03-31,210,53,17,1259.02
3577,2019-03-31,592,49,2,125.2
3578,2019-03-31,944,58,8,485.04
3579,2019-03-31,505,14,18,1789.2
3580,2019-03-31,111,11,18,386.46
3581,2019-03-31,857,56,18,369.54
3582,2019-03-31,366,40,14,1110.34
3583,2019-03-31,13,4,7,477.12
3584,2019-03-31,932,55,18,153.9
3585,2019-03-31,306,33,13,1068.86
3586,2019-03-31,189,27,15,540.45
3587,2019-03-31,714,51,16,1205.12
3588,2019-03-31,530,2,8,685.92
3589,2019-03-31,70,49,16,1001.6
3590,2019-03-31,652,10,5,444.95
3591,2019-03-31,593,50,6,383.88
3592,2019-03-31,705,49,10,626.0
3593,2019-03-31,634,32,20,1828.2
3594,2019-03-31,642,36,20,276.6
3595,2019-03-31,107,52,14,1382.36
3596,2019-03-31,335,11,18,363.24
3597,2019-03-31,592,33,10,822.2
3598,2019-03-31,571,21,5,452.4
3599,2019-03-31,703,4,7,343.56
3600,2019-03-31,653,33,11,904.42
3601,2019-03-31,631,15,10,141.3
3602,2019-03-31,260,17,14,472.92
3603,2019-03-31,374,33,12,986.64
3604,2019-03-31,307,27,16,758.56
3605,2019-03-31,18,16,6,332.7
3606,2019-03-31,723,41,5,326.75
3607,2019-03-31,744,17,19,641.82
3608,2019-03-31,44,27,14,663.74
3609,2019-03-31,474,16,14,776.3
3610,2019-03-31,445,10,15,1268.1
3611,2019-03-31,144,20,12,1044.6
3612,2019-03-31,862,50,18,840.78
3613,2019-03-31,383,5,7,611.73
3614,2019-03-31,871,22,7,295.26
3615,2019-03-31,474,57,5,343.15
3616,2019-03-31,227,10,6,533.94
3617,2019-03-31,39,21,16,1447.68
3618,2019-03-31,307,56,9,101.61
3619,2019-03-31,17,23,10,162.7
3620,2019-03-31,237,18,16,621.92
3621,2019-03-31,54,23,6,97.62
3622,2019-03-31,815,8,11,464.09
3623,2019-03-31,13,31,13,601.77
3624,2019-03-31,421,35,13,1243.84
3625,2019-03-31,678,54,7,264.53
3626,2019-03-31,689,37,8,495.92
3627,2019-03-31,465,37,3,185.97
3628,2019-03-31,122,13,11,151.03
3629,2019-03-31,77,35,7,381.78
3630,2019-03-31,291,39,2,74.9
3631,2019-03-31,437,54,5,188.95
3632,2019-03-31,403,53,16,1184.96
3633,2019-03-31,39,18,16,540.8
3634,2019-03-31,128,56,17,279.14
3635,2019-03-31,145,3,6,392.4
3636,2019-03-31,224,25,8,589.6
3637,2019-03-31,260,28,4,108.44
3638,2019-03-31,846,42,16,1400.16
3639,2019-04-13,158,53,4,296.24
3640,2019-04-13,664,38,14,206.22
3641,2019-04-13,997,39,4,143.8
3642,2019-04-13,292,6,8,793.76
3643,2019-04-13,670,60,9,370.98
3644,2019-04-13,280,38,10,189.0
3645,2019-04-13,360,40,17,1348.27
3646,2019-04-13,395,28,15,423.6
3647,2019-04-13,585,29,15,550.8
3648,2019-04-13,910,54,16,604.64
3649,2019-04-13,103,37,5,309.95
3650,2019-04-13,765,23,17,276.59
3651,2019-04-13,597,49,20,763.8
3652,2019-04-13,713,18,13,732.29
3653,2019-04-13,134,31,7,206.92
3654,2019-04-13,286,46,5,306.7
3655,2019-04-13,29,19,4,91.32
3656,2019-04-13,696,38,14,307.72
3657,2019-04-13,273,6,2,198.44
3658,2019-04-13,147,58,13,816.66
3659,2019-04-13,365,56,18,369.54
3660,2019-04-13,693,48,12,330.0
3661,2019-04-13,71,43,19,773.11
3662,2019-04-13,133,33,13,1068.86
3663,2019-04-13,214,22,11,563.42
3664,2019-04-13,255,39,10,374.5
3665,2019-04-13,261,19,5,114.15
3666,2019-04-13,729,24,14,266.98
3667,2019-04-13,431,26,15,1263.0
3668,2019-04-13,59,48,18,660.06
3669,2019-04-13,805,43,9,366.21
3670,2019-04-13,418,48,5,183.35
3671,2019-04-13,186,60,10,412.2
3672,2019-04-13,360,30,20,459.2
3673,2019-04-13,638,20,10,870.5
3674,2019-04-13,636,45,11,503.47
3675,2019-04-13,787,40,16,1268.96
3676,2019-04-13,823,49,5,241.0
3677,2019-04-13,80,46,16,981.44
3678,2019-04-13,62,6,1,89.3
3679,2019-04-13,182,58,9,657.45
3680,2019-04-13,795,16,5,277.25
3681,2019-04-13,236,5,10,873.9
3682,2019-04-13,148,51,19,1059.06
3683,2019-04-13,319,29,7,414.61
3684,2019-04-13,565,46,10,453.9
3685,2019-04-13,982,45,20,915.4
3686,2019-04-13,281,27,2,94.82
3687,2019-04-13,813,24,18,393.84
3688,2019-04-13,824,47,12,579.84
3689,2019-04-13,200,3,10,654.0
3690,2019-04-13,719,23,16,260.32
3691,2019-04-13,345,21,10,642.4
3692,2019-04-13,18,47,11,531.52
3693,2019-04-13,183,10,8,711.92
3694,2019-04-13,473,23,11,121.66
3695,2019-04-14,231,27,5,237.05
3696,2019-04-14,854,33,7,489.23
3697,2019-04-14,594,44,15,460.05
3698,2019-04-14,216,34,12,1194.48
3699,2019-04-14,551,15,5,70.65
3700,2019-04-14,637,9,15,450.15
3701,2019-04-14,561,56,18,369.54
3702,2019-04-14,11,47,4,193.28
3703,2019-04-14,459,15,17,240.21
3704,2019-04-14,446,36,19,262.77
3705,2019-04-14,935,3,13,850.2
3706,2019-04-14,646,40,6,266.46
3707,2019-04-14,546,16,3,166.35
3708,2019-04-14,1,41,5,326.75
3709,2019-04-14,64,54,6,226.74
3710,2019-04-14,717,7,15,143.1
3711,2019-04-14,382,20,15,1305.75
3712,2019-04-14,769,2,12,1028.88
3713,2019-04-14,897,42,7,612.57
3714,2019-04-14,624,4,18,1226.88
3715,2019-04-14,943,2,3,257.22
3716,2019-04-14,611,48,7,256.69
3717,2019-04-14,49,60,1,41.22
3718,2019-04-14,609,42,18,1575.18
3719,2019-04-14,561,13,17,338.3
3720,2019-04-14,438,1,16,101.76
3721,2019-04-14,142,5,8,699.12
3722,2019-04-14,952,49,6,345.54
3723,2019-04-14,534,54,16,604.64
3724,2019-04-14,412,47,19,918.08
3725,2019-04-14,277,24,20,619.0
3726,2019-04-14,846,25,7,515.9
3727,2019-04-14,892,40,2,158.62
3728,2019-04-14,192,28,5,98.85
3729,2019-04-14,194,12,1,42.56
3730,2019-04-14,737,56,20,410.6
3731,2019-04-14,154,52,7,691.18
3732,2019-04-14,694,40,17,1348.27
3733,2019-04-14,770,21,7,633.36
3734,2019-04-14,622,40,3,237.93
3735,2019-04-14,422,46,9,496.89
3736,2019-04-14,252,14,3,298.2
3737,2019-04-14,751,60,17,700.74
3738,2019-04-14,982,24,6,187.56
3739,2019-04-14,895,3,3,196.2
3740,2019-04-14,534,39,16,599.2
3741,2019-04-14,934,57,1,68.63
3742,2019-04-14,121,45,16,732.32
3743,2019-04-14,841,11,3,64.41
3744,2019-04-14,401,25,11,810.7
3745,2019-04-14,731,31,12,669.24
3746,2019-04-14,329,28,20,564.8
3747,2019-04-14,215,37,2,97.94
3748,2019-04-14,565,2,18,817.92
3749,2019-04-14,934,45,13,595.01
3750,2019-04-14,419,59,9,668.52
3751,2019-04-14,905,33,5,411.1
3752,2019-04-14,636,48,14,513.38
3753,2019-04-14,235,30,11,252.56
3754,2019-04-14,904,18,14,764.96
3755,2019-04-14,116,58,18,1314.9
3756,2019-04-14,367,20,20,1741.0
3757,2019-04-14,142,39,14,429.94
3758,2019-04-14,342,13,13,258.7
3759,2019-04-14,65,50,13,831.74
3760,2019-04-14,949,36,16,128.32
3761,2019-04-14,924,23,10,162.7
3762,2019-04-14,905,10,1,88.99
3763,2019-04-14,445,59,16,1188.48
3764,2019-04-14,66,12,8,340.48
3765,2019-04-14,734,54,7,264.53
3766,2019-04-14,170,41,16,1045.6
3767,2019-04-14,83,44,1,30.67
3768,2019-04-14,869,37,8,495.92
3769,2019-04-14,86,60,6,247.32
3770,2019-04-14,497,42,5,437.55
3771,2019-04-14,437,13,1,19.9
3772,2019-04-14,866,57,4,178.44
3773,2019-04-14,101,26,1,84.2
3774,2019-04-14,796,11,2,42.94
3775,2019-04-14,123,43,13,528.97
3776,2019-04-14,434,37,8,495.92
3777,2019-04-14,619,16,1,55.45
3778,2019-04-14,979,58,12,876.6
3779,2019-04-14,541,48,18,660.06
3780,2019-04-14,254,57,18,778.32
3781,2019-04-15,737,28,13,367.12
3782,2019-04-15,241,19,2,45.66
3783,2019-04-15,176,28,20,564.8
3784,2019-04-15,723,21,10,615.3
3785,2019-04-15,5,25,17,1252.9
3786,2019-04-15,821,31,17,635.29
3787,2019-04-15,353,15,8,113.04
3788,2019-04-15,874,10,14,1245.86
3789,2019-04-15,264,18,3,168.99
3790,2019-04-15,38,15,17,156.06
3791,2019-04-15,204,4,15,930.45
3792,2019-04-15,517,41,19,1241.65
3793,2019-04-15,811,37,18,1115.82
3794,2019-04-15,19,60,19,618.64
3795,2019-04-15,840,40,17,1348.27
3796,2019-04-15,833,2,19,1629.06
3797,2019-04-15,32,11,19,407.93
3798,2019-04-15,255,56,13,266.89
3799,2019-04-15,694,3,9,588.6
3800,2019-04-15,988,36,3,41.49
3801,2019-04-15,64,2,8,685.92
3802,2019-04-15,2,21,20,1809.6
3803,2019-04-15,686,54,12,453.48
3804,2019-04-15,138,3,15,981.0
3805,2019-04-15,417,15,17,240.21
3806,2019-04-15,677,14,9,894.6
3807,2019-04-15,749,46,2,117.78
3808,2019-04-15,770,6,3,297.66
3809,2019-04-15,145,40,13,1031.03
3810,2019-04-15,847,48,16,586.72
3811,2019-04-15,622,44,18,386.46
3812,2019-04-15,602,56,1,20.53
3813,2019-04-15,515,21,12,1085.76
3814,2019-04-15,98,10,17,1316.14
3815,2019-04-15,352,43,11,246.18
3816,2019-04-15,471,1,6,20.22
3817,2019-04-15,619,2,13,1114.62
3818,2019-04-15,623,8,13,548.47
3819,2019-04-15,996,37,1,61.99
3820,2019-04-15,814,23,3,48.81
3821,2019-04-15,926,49,12,751.2
3822,2019-04-15,70,57,15,772.05
3823,2019-04-15,514,30,4,46.84
3824,2019-04-15,227,52,5,493.7
3825,2019-04-15,524,13,1,19.9
3826,2019-04-15,698,13,11,218.9
3827,2019-04-15,757,5,10,664.2
3828,2019-04-15,159,13,6,101.52
3829,2019-04-15,932,55,16,136.8
3830,2019-04-15,675,38,2,28.58
3831,2019-04-15,851,54,12,235.8
3832,2019-04-15,605,44,8,169.28
3833,2019-04-15,626,52,18,1777.32
3834,2019-04-15,924,52,11,760.32
3835,2019-04-15,530,24,4,125.04
3836,2019-04-15,208,5,10,873.9
3837,2019-04-15,487,15,17,240.21
3838,2019-04-15,17,19,15,342.45
3839,2019-04-15,690,24,19,593.94
3840,2019-04-15,712,14,18,930.42
3841,2019-04-15,104,24,19,593.94
3842,2019-04-16,620,27,19,702.62
3843,2019-04-16,629,37,11,681.89
3844,2019-04-16,216,53,9,666.54
3845,2019-04-16,928,18,18,1013.94
3846,2019-04-16,496,48,7,256.69
3847,2019-04-16,406,37,17,527.0
3848,2019-04-16,277,49,3,187.8
3849,2019-04-16,9,15,20,282.6
3850,2019-04-16,759,1,20,127.2
3851,2019-04-16,168,1,19,120.84
3852,2019-04-16,630,19,13,296.79
3853,2019-04-16,84,50,9,575.82
3854,2019-04-16,934,59,5,371.4
3855,2019-04-16,830,33,14,1151.08
3856,2019-04-16,716,5,1,87.39
3857,2019-04-16,855,57,13,892.19
3858,2019-04-16,873,38,18,395.64
3859,2019-04-16,451,36,2,27.66
3860,2019-04-16,119,11,16,333.28
3861,2019-04-16,232,26,11,926.2
3862,2019-04-16,725,22,11,662.86
3863,2019-04-16,832,22,2,120.52
3864,2019-04-16,533,51,18,1355.76
3865,2019-04-16,517,38,10,219.8
3866,2019-04-16,983,53,14,1036.84
3867,2019-04-16,248,36,15,207.45
3868,2019-04-16,738,52,19,1876.06
3869,2019-04-16,319,38,12,263.76
3870,2019-04-16,176,25,19,1400.3
3871,2019-04-16,930,28,11,310.64
3872,2019-04-16,461,36,16,148.32
3873,2019-04-16,741,49,18,1126.8
3874,2019-04-16,883,13,18,358.2
3875,2019-04-16,923,57,15,1029.45
3876,2019-04-16,43,42,4,350.04
3877,2019-04-16,428,42,4,350.04
3878,2019-04-16,700,49,14,876.4
3879,2019-04-16,524,52,11,673.42
3880,2019-04-16,297,4,4,259.0
3881,2019-04-16,280,30,18,314.1
3882,2019-04-16,890,24,2,53.76
3883,2019-04-16,848,56,2,41.06
3884,2019-04-16,248,37,13,805.87
3885,2019-04-16,208,24,18,562.68
3886,2019-04-16,596,11,2,42.94
3887,2019-04-16,692,36,13,160.03
3888,2019-04-16,460,42,1,87.51
3889,2019-04-16,42,33,12,986.64
3890,2019-04-16,330,56,9,184.77
3891,2019-04-16,321,16,13,720.85
3892,2019-04-16,589,23,9,146.43
3893,2019-04-16,931,53,5,370.3
3894,2019-04-16,618,46,12,736.08
3895,2019-04-16,158,37,12,743.88
3896,2019-04-16,643,30,9,206.64
3897,2019-04-16,662,6,9,875.16
3898,2019-04-16,846,12,6,255.36
3899,2019-04-16,678,35,15,1435.2
3900,2019-04-16,179,6,14,1389.08
3901,2019-04-16,876,31,13,616.2
3902,2019-04-16,318,44,17,307.7
3903,2019-04-16,384,47,18,869.76
3904,2019-04-16,755,34,14,738.64
3905,2019-04-16,695,5,13,783.9
3906,2019-04-16,392,53,1,74.06
3907,2019-04-16,7,55,11,94.05
3908,2019-04-16,457,9,16,480.16
3909,2019-04-16,582,46,13,797.42
3910,2019-04-16,564,52,12,1184.88
3911,2019-04-16,621,14,13,1292.2
3912,2019-04-16,242,20,9,783.45
3913,2019-04-16,837,24,8,180.08
3914,2019-04-16,991,42,4,350.04
3915,2019-04-16,870,43,7,284.83
3916,2019-04-16,222,5,6,330.36
3917,2019-04-16,664,33,7,575.54
3918,2019-04-17,901,35,4,382.72
3919,2019-04-17,163,8,13,548.47
3920,2019-04-17,343,46,11,674.74
3921,2019-04-17,523,25,16,1179.2
3922,2019-04-17,578,49,20,1252.0
3923,2019-04-17,966,14,10,994.0
3924,2019-04-17,505,44,17,521.39
3925,2019-04-17,768,7,1,13.83
3926,2019-04-17,218,25,4,259.44
3927,2019-04-17,103,9,6,180.06
3928,2019-04-17,980,30,10,229.6
3929,2019-04-17,163,3,4,261.6
3930,2019-04-17,717,20,18,1566.9
3931,2019-04-17,642,41,20,1307.0
3932,2019-04-17,556,18,20,1126.6
3933,2019-04-17,168,22,10,602.6
3934,2019-04-17,132,18,14,591.5
3935,2019-04-17,568,45,4,183.08
3936,2019-04-17,107,14,13,1292.2
3937,2019-04-17,223,25,4,294.8
3938,2019-04-17,164,15,11,155.43
3939,2019-04-17,446,10,19,1098.96
3940,2019-04-17,332,30,14,289.24
3941,2019-04-17,128,34,20,1353.8
3942,2019-04-17,620,28,3,84.72
3943,2019-04-17,203,54,14,529.06
3944,2019-04-17,995,18,16,901.28
3945,2019-04-17,468,22,13,783.38
3946,2019-04-17,772,54,13,491.27
3947,2019-04-17,192,18,2,112.66
3948,2019-04-17,169,31,13,630.76
3949,2019-04-17,671,42,18,1275.84
3950,2019-04-17,124,4,7,477.12
3951,2019-04-17,304,40,8,437.76
3952,2019-04-17,812,28,2,56.48
3953,2019-04-17,447,4,14,763.42
3954,2019-04-17,327,27,2,59.74
3955,2019-04-17,41,6,8,793.76
3956,2019-04-17,105,14,2,198.8
3957,2019-04-17,64,25,4,159.2
3958,2019-04-17,500,42,15,1312.65
3959,2019-04-17,111,25,12,884.4
3960,2019-04-17,70,35,2,191.36
3961,2019-04-17,714,5,19,946.39
3962,2019-04-17,262,59,11,817.08
3963,2019-04-17,948,58,2,146.1
3964,2019-04-17,451,53,17,843.54
3965,2019-04-17,298,59,16,1188.48
3966,2019-04-17,886,46,1,61.34
3967,2019-04-17,29,59,4,297.12
3968,2019-04-17,203,43,1,40.69
3969,2019-04-17,691,18,12,675.96
3970,2019-04-17,261,7,9,124.47
3971,2019-04-17,673,39,11,411.95
3972,2019-04-17,531,33,7,575.54
3973,2019-04-17,463,16,6,199.62
3974,2019-04-17,972,44,11,337.37
3975,2019-04-17,628,22,13,783.38
3976,2019-04-17,892,32,15,1384.95
3977,2019-04-17,124,17,20,675.6
3978,2019-04-17,944,15,15,211.95
3979,2019-04-17,735,58,19,1387.95
3980,2019-04-17,587,9,18,291.78
3981,2019-04-17,639,60,15,618.3
3982,2019-04-17,593,6,11,1091.42
3983,2019-04-17,792,19,18,410.94
3984,2019-04-18,552,18,7,394.31
3985,2019-04-18,202,19,9,205.47
3986,2019-04-18,901,28,2,40.66
3987,2019-04-18,809,48,19,696.73
3988,2019-04-18,260,22,7,421.82
3989,2019-04-18,82,54,17,642.43
3990,2019-04-18,655,31,6,334.62
3991,2019-04-18,380,12,19,752.02
3992,2019-04-18,261,20,19,1041.96
3993,2019-04-18,979,27,4,189.64
3994,2019-04-18,571,55,16,119.04
3995,2019-04-18,641,23,20,325.4
3996,2019-04-18,808,19,12,139.68
3997,2019-04-18,701,24,8,250.08
3998,2019-04-18,495,15,3,42.39
3999,2019-04-18,726,43,20,813.8
4000,2019-04-18,447,53,3,137.76
4001,2019-04-18,401,34,8,796.32
4002,2019-04-18,141,60,15,618.3
4003,2019-04-18,318,17,19,584.06
4004,2019-04-18,659,15,4,56.52
4005,2019-04-18,260,7,10,138.3
4006,2019-04-18,438,50,1,63.98
4007,2019-04-18,532,59,9,668.52
4008,2019-04-18,979,52,12,1184.88
4009,2019-04-18,819,32,1,47.09
4010,2019-04-18,507,3,5,327.0
4011,2019-04-18,6,17,9,304.02
4012,2019-04-18,350,46,19,1165.46
4013,2019-04-18,594,14,9,894.6
4014,2019-04-18,207,49,6,206.58
4015,2019-04-18,147,44,12,368.04
4016,2019-04-18,402,34,7,620.13
4017,2019-04-18,862,22,15,750.3
4018,2019-04-18,936,9,15,450.15
4019,2019-04-18,754,42,7,612.57
4020,2019-04-18,40,47,10,439.7
4021,2019-04-18,536,6,15,1488.3
4022,2019-04-18,833,47,8,386.56
4023,2019-04-18,987,25,4,294.8
4024,2019-04-18,365,20,8,696.4
4025,2019-04-18,914,15,13,183.69
4026,2019-04-18,501,12,15,638.4
4027,2019-04-18,706,31,2,111.54
4028,2019-04-18,519,53,3,222.18
4029,2019-04-18,976,57,20,1372.6
4030,2019-04-18,395,38,9,197.82
4031,2019-04-18,22,1,2,11.06
4032,2019-04-18,347,12,10,425.6
4033,2019-04-18,634,20,4,348.2
4034,2019-04-18,38,28,1,28.24
4035,2019-04-20,196,37,1,31.61
4036,2019-04-20,168,41,15,646.95
4037,2019-04-20,837,29,8,473.84
4038,2019-04-20,880,44,2,61.34
4039,2019-04-20,28,43,8,325.52
4040,2019-04-20,261,48,8,246.4
4041,2019-04-20,349,24,20,625.2
4042,2019-04-20,211,1,2,12.72
4043,2019-04-20,2,33,5,411.1
4044,2019-04-20,519,59,16,1188.48
4045,2019-04-20,282,48,7,256.69
4046,2019-04-20,611,19,15,342.45
4047,2019-04-20,929,41,11,718.85
4048,2019-04-20,119,2,16,905.44
4049,2019-04-20,447,52,20,1974.8
4050,2019-04-20,829,42,4,350.04
4051,2019-04-20,730,56,17,254.83
4052,2019-04-20,967,8,14,590.66
4053,2019-04-20,314,38,5,61.55
4054,2019-04-20,106,1,7,44.52
4055,2019-04-20,480,57,9,617.67
4056,2019-04-20,979,17,16,302.72
4057,2019-04-20,922,17,19,641.82
4058,2019-04-20,533,51,20,1506.4
4059,2019-04-20,609,22,5,301.3
4060,2019-04-20,198,15,20,223.2
4061,2019-04-20,692,18,19,1070.27
4062,2019-04-20,634,11,7,150.29
4063,2019-04-20,78,25,13,958.1
4064,2019-04-20,285,50,11,703.78
4065,2019-04-20,770,48,1,19.44
4066,2019-04-20,229,7,8,110.64
4067,2019-04-20,521,56,10,205.3
4068,2019-04-20,820,20,13,1131.65
4069,2019-04-20,322,47,7,338.24
4070,2019-04-20,722,29,15,888.45
4071,2019-04-20,397,8,11,464.09
4072,2019-04-20,962,37,20,1239.8
4073,2019-04-20,351,2,1,85.74
4074,2019-04-20,812,4,15,1022.4
4075,2019-04-20,637,21,12,1085.76
4076,2019-04-20,705,5,13,1136.07
4077,2019-04-20,651,7,15,207.45
4078,2019-04-20,840,23,9,146.43
4079,2019-04-20,886,45,17,669.12
4080,2019-04-20,517,32,13,1200.29
4081,2019-04-20,91,13,11,218.9
4082,2019-04-20,663,19,3,68.49
4083,2019-04-20,996,13,3,42.99
4084,2019-04-20,928,28,18,432.0
4085,2019-04-20,855,15,20,282.6
4086,2019-04-20,801,13,7,139.3
4087,2019-04-20,607,52,3,296.22
4088,2019-04-20,844,54,17,642.43
4089,2019-04-20,722,37,8,495.92
4090,2019-04-20,296,33,15,838.65
4091,2019-04-20,999,10,13,1075.88
4092,2019-04-20,390,53,11,814.66
4093,2019-04-20,817,38,14,236.88
4094,2019-04-20,848,42,10,875.1
4095,2019-04-20,348,27,12,568.92
4096,2019-04-20,162,55,12,102.6
4097,2019-04-20,155,8,15,632.85
4098,2019-04-20,286,30,6,137.76
4099,2019-04-20,941,42,18,1575.18
4100,2019-04-20,835,44,16,490.72
4101,2019-04-20,778,58,11,803.55
4102,2019-04-20,480,53,16,1184.96
4103,2019-04-20,748,24,3,93.78
4104,2019-04-20,79,22,16,964.16
4105,2019-04-20,154,59,15,1114.2
4106,2019-04-20,524,46,8,490.72
4107,2019-04-20,582,1,15,87.75
4108,2019-04-20,491,14,4,397.6
4109,2019-04-20,307,31,2,105.96
4110,2019-04-21,615,40,11,872.41
4111,2019-04-21,367,57,9,617.67
4112,2019-04-21,900,15,13,183.69
4113,2019-04-21,579,56,10,205.3
4114,2019-04-21,794,42,3,262.53
4115,2019-04-21,576,22,1,60.26
4116,2019-04-21,473,29,3,177.69
4117,2019-04-21,129,47,12,307.32
4118,2019-04-21,215,51,3,201.09
4119,2019-04-21,279,35,8,650.64
4120,2019-04-21,816,33,3,246.66
4121,2019-04-21,26,39,18,674.1
4122,2019-04-21,186,27,8,379.28
4123,2019-04-21,658,2,10,471.6
4124,2019-04-21,227,36,19,262.77
4125,2019-04-21,603,42,7,612.57
4126,2019-04-21,710,38,18,395.64
4127,2019-04-21,574,35,1,95.68
4128,2019-04-21,815,4,17,1158.72
4129,2019-04-21,29,18,19,1070.27
4130,2019-04-21,715,45,4,183.08
4131,2019-04-21,514,1,2,12.72
4132,2019-04-21,111,24,9,281.34
4133,2019-04-21,922,2,20,1714.8
4134,2019-04-21,260,35,8,451.6
4135,2019-04-21,258,11,10,214.7
4136,2019-04-21,65,25,5,368.5
4137,2019-04-21,852,31,1,55.77
4138,2019-04-21,483,8,10,421.9
4139,2019-04-21,523,25,9,444.42
4140,2019-04-21,196,9,10,300.1
4141,2019-04-21,466,41,3,196.05
4142,2019-04-21,606,53,18,1333.08
4143,2019-04-21,649,1,14,89.04
4144,2019-04-21,189,10,20,1779.8
4145,2019-04-21,162,26,10,589.4
4146,2019-04-21,651,47,8,386.56
4147,2019-04-21,839,28,20,564.8
4148,2019-04-21,225,27,19,900.79
4149,2019-04-21,139,14,20,1988.0
4150,2019-04-21,334,44,20,613.4
4151,2019-04-21,890,50,3,153.54
4152,2019-04-21,321,16,9,499.05
4153,2019-04-21,856,49,9,563.4
4154,2019-04-21,920,45,20,915.4
4155,2019-04-21,577,12,2,85.12
4156,2019-04-21,137,4,20,1049.6
4157,2019-04-21,636,42,14,1225.14
4158,2019-04-21,295,31,20,680.4
4159,2019-04-21,62,50,12,767.76
4160,2019-04-21,350,26,8,383.92
4161,2019-04-21,353,10,17,1512.83
4162,2019-04-21,622,10,14,1245.86
4163,2019-04-21,60,26,1,84.2
4164,2019-04-21,189,28,12,338.88
4165,2019-04-21,145,13,20,398.0
4166,2019-04-21,376,8,7,221.48
4167,2019-04-21,650,4,13,886.08
4168,2019-04-21,829,3,6,392.4
4169,2019-04-21,908,33,14,1151.08
4170,2019-04-21,909,45,10,407.4
4171,2019-04-21,665,30,10,229.6
4172,2019-04-21,57,16,12,665.4
4173,2019-04-21,850,43,19,773.11
4174,2019-04-21,702,9,1,29.41
4175,2019-04-21,464,19,16,365.28
4176,2019-04-21,465,2,7,414.12
4177,2019-04-21,454,14,12,1192.8
4178,2019-04-21,229,4,3,204.48
4179,2019-04-21,330,37,11,681.89
4180,2019-04-21,711,55,10,85.5
4181,2019-04-21,714,21,9,814.32
4182,2019-04-21,286,5,1,45.44
4183,2019-04-21,35,31,20,1115.4
4184,2019-04-21,959,22,6,361.56
4185,2019-04-22,215,12,20,851.2
4186,2019-04-22,566,32,17,1569.61
4187,2019-04-22,426,29,5,233.95
4188,2019-04-22,555,17,13,439.14
4189,2019-04-22,591,7,7,96.81
4190,2019-04-22,258,55,12,102.6
4191,2019-04-22,415,58,8,584.4
4192,2019-04-22,671,36,2,27.66
4193,2019-04-22,321,3,17,1111.8
4194,2019-04-22,979,13,18,358.2
4195,2019-04-22,661,43,14,569.66
4196,2019-04-22,779,19,20,456.6
4197,2019-04-22,799,49,3,131.46
4198,2019-04-22,556,38,14,307.72
4199,2019-04-22,569,36,15,207.45
4200,2019-04-22,362,21,18,1384.38
4201,2019-04-22,728,13,7,139.3
4202,2019-04-22,82,35,1,95.68
4203,2019-04-22,206,11,4,75.56
4204,2019-04-22,60,46,7,253.33
4205,2019-04-22,519,35,16,1362.56
4206,2019-04-22,953,3,15,981.0
4207,2019-04-22,759,28,9,254.16
4208,2019-04-22,221,7,19,262.77
4209,2019-04-22,858,58,12,876.6
4210,2019-04-22,952,20,13,769.47
4211,2019-04-22,198,26,3,252.6
4212,2019-04-22,595,30,8,93.68
4213,2019-04-22,108,46,9,430.65
4214,2019-04-22,582,27,5,237.05
4215,2019-04-22,792,40,15,1189.65
4216,2019-04-22,715,54,20,755.8
4217,2019-04-22,701,14,7,695.8
4218,2019-04-22,486,50,11,703.78
4219,2019-04-22,683,5,20,1747.8
4220,2019-04-22,332,6,15,1488.3
4221,2019-04-22,720,17,20,675.6
4222,2019-04-22,569,14,3,298.2
4223,2019-04-22,626,60,17,588.54
4224,2019-04-22,207,46,17,1042.78
4225,2019-04-22,908,46,13,797.42
4226,2019-04-22,297,44,12,368.04
4227,2019-04-22,25,59,12,891.36
4228,2019-04-22,612,1,15,84.0
4229,2019-04-22,357,16,20,1109.0
4230,2019-04-22,775,54,6,226.74
4231,2019-04-22,418,16,19,1053.55
4232,2019-04-22,53,37,18,1115.82
4233,2019-04-22,379,22,16,964.16
4234,2019-04-22,612,1,10,45.2
4235,2019-04-22,892,45,13,595.01
4236,2019-04-22,490,5,13,1136.07
4237,2019-04-22,181,53,4,296.24
4238,2019-04-22,917,42,5,437.55
4239,2019-04-22,951,55,1,8.55
4240,2019-04-22,31,29,8,473.84
4241,2019-04-22,361,33,14,1082.06
4242,2019-04-22,158,6,6,595.32
4243,2019-04-22,795,7,20,276.6
4244,2019-04-23,672,49,6,375.6
4245,2019-04-23,34,53,12,870.96
4246,2019-04-23,998,47,15,724.8
4247,2019-04-23,369,35,6,574.08
4248,2019-04-23,5,28,2,56.48
4249,2019-04-23,606,33,2,164.44
4250,2019-04-23,608,32,17,1569.61
4251,2019-04-23,3,17,9,304.02
4252,2019-04-23,638,41,9,588.15
4253,2019-04-23,665,22,18,1084.68
4254,2019-04-23,14,2,11,763.95
4255,2019-04-23,673,49,17,1064.2
4256,2019-04-23,18,2,17,1326.34
4257,2019-04-23,27,37,10,619.9
4258,2019-04-23,148,38,18,395.64
4259,2019-04-23,962,20,18,1566.9
4260,2019-04-23,996,8,2,84.38
4261,2019-04-23,591,15,9,127.17
4262,2019-04-23,519,50,2,127.96
4263,2019-04-23,591,51,4,301.28
4264,2019-04-23,979,1,13,82.68
4265,2019-04-23,180,37,3,185.97
4266,2019-04-23,683,21,18,1628.64
4267,2019-04-23,520,36,18,248.94
4268,2019-04-23,41,48,20,733.4
4269,2019-04-23,599,30,7,160.72
4270,2019-04-23,226,25,4,294.8
4271,2019-04-23,411,56,6,123.18
4272,2019-04-23,451,5,11,961.29
4273,2019-04-23,6,55,2,12.82
4274,2019-04-23,395,58,2,146.1
4275,2019-04-23,261,60,15,618.3
4276,2019-04-23,595,56,12,246.36
4277,2019-04-23,371,34,8,796.32
4278,2019-04-23,439,6,6,595.32
4279,2019-04-23,630,2,4,222.92
4280,2019-04-23,69,5,19,1660.41
4281,2019-04-23,152,24,3,93.78
4282,2019-04-23,609,5,11,961.29
4283,2019-04-23,894,18,14,615.16
4284,2019-04-23,585,56,9,184.77
4285,2019-04-23,200,18,1,42.81
4286,2019-04-23,74,5,4,349.56
4287,2019-04-23,908,39,10,374.5
4288,2019-04-23,840,55,11,56.43
4289,2019-04-23,566,16,17,508.98
4290,2019-04-23,998,45,14,640.78
4291,2019-04-23,51,48,18,660.06
4292,2019-04-23,420,53,7,502.88
4293,2019-04-23,793,24,11,343.86
4294,2019-04-23,326,29,13,769.99
4295,2019-04-23,627,36,17,197.54
4296,2019-04-23,262,43,9,366.21
4297,2019-04-23,936,6,15,1488.3
4298,2019-04-23,776,31,7,390.39
4299,2019-04-23,655,6,15,1488.3
4300,2019-04-23,154,4,10,681.6
4301,2019-04-23,604,1,6,30.54
4302,2019-04-23,517,51,9,677.88
4303,2019-04-23,292,1,16,101.76
4304,2019-04-23,195,44,20,527.6
4305,2019-04-23,706,18,17,823.48
4306,2019-04-23,369,5,5,375.8
4307,2019-04-23,246,41,20,1307.0
4308,2019-04-23,505,29,17,835.72
4309,2019-04-23,869,53,16,1184.96
4310,2019-04-23,776,18,4,121.68
4311,2019-04-23,625,2,11,943.14
4312,2019-04-24,438,1,10,63.6
4313,2019-04-24,673,28,7,197.68
4314,2019-04-24,487,16,10,554.5
4315,2019-04-24,37,25,1,73.7
4316,2019-04-24,902,30,2,45.92
4317,2019-04-24,902,29,5,296.15
4318,2019-04-24,498,7,14,193.62
4319,2019-04-24,296,20,13,1131.65
4320,2019-04-24,855,36,16,221.28
4321,2019-04-24,507,54,17,507.45
4322,2019-04-24,241,42,19,1645.97
4323,2019-04-24,367,14,12,596.4
4324,2019-04-24,605,46,1,46.62
4325,2019-04-24,139,36,5,64.3
4326,2019-04-24,621,22,8,482.08
4327,2019-04-24,627,23,1,16.27
4328,2019-04-24,60,41,16,1045.6
4329,2019-04-24,993,54,11,415.69
4330,2019-04-24,351,12,11,468.16
4331,2019-04-24,159,30,20,459.2
4332,2019-04-24,430,17,7,156.03
4333,2019-04-24,871,30,5,114.8
4334,2019-04-24,253,9,1,30.01
4335,2019-04-24,436,50,8,511.84
4336,2019-04-24,892,58,7,511.35
4337,2019-04-24,53,4,1,68.16
4338,2019-04-24,932,3,12,784.8
4339,2019-04-24,451,24,12,375.12
4340,2019-04-24,605,46,6,368.04
4341,2019-04-24,209,36,10,138.3
4342,2019-04-24,755,33,18,1479.96
4343,2019-04-24,577,43,9,366.21
4344,2019-04-24,890,44,8,245.36
4345,2019-04-24,350,29,6,355.38
4346,2019-04-24,990,54,14,349.16
4347,2019-04-24,879,11,17,364.99
4348,2019-04-24,332,25,13,584.48
4349,2019-04-24,487,8,19,537.13
4350,2019-04-24,418,42,1,87.51
4351,2019-04-24,96,54,2,75.58
4352,2019-04-24,981,48,14,513.38
4353,2019-04-24,427,29,8,251.12
4354,2019-04-24,264,31,15,527.1
4355,2019-04-24,902,16,1,55.45
4356,2019-04-24,746,4,11,749.76
4357,2019-04-24,70,36,14,185.92
4358,2019-04-24,674,34,13,1294.02
4359,2019-04-24,526,2,18,1512.54
4360,2019-04-24,200,15,17,240.21
4361,2019-04-24,155,24,17,334.73
4362,2019-04-24,601,30,14,302.12
4363,2019-04-24,710,1,12,72.48
4364,2019-04-24,23,41,15,980.25
4365,2019-04-24,223,22,4,241.04
4366,2019-04-24,372,34,12,1194.48
4367,2019-04-24,22,5,16,1286.4
4368,2019-04-24,751,4,15,858.75
4369,2019-04-24,613,33,15,1159.35
4370,2019-04-24,615,56,13,266.89
4371,2019-04-24,654,31,11,613.47
4372,2019-04-24,68,5,17,1485.63
4373,2019-04-24,234,39,6,224.7
4374,2019-04-24,975,7,10,138.3
4375,2019-04-24,987,23,1,16.27
4376,2019-04-24,572,12,18,766.08
4377,2019-04-24,194,40,11,872.41
4378,2019-04-24,834,42,19,1313.47
4379,2019-04-24,583,29,2,118.46
4380,2019-04-24,855,9,18,329.58
4381,2019-04-24,433,41,3,164.67
4382,2019-04-24,690,59,20,1485.6
4383,2019-04-24,114,2,15,1286.1
4384,2019-04-25,704,35,19,1817.92
4385,2019-04-25,312,13,1,16.32
4386,2019-04-25,192,21,1,69.67
4387,2019-04-25,6,11,20,429.4
4388,2019-04-25,388,24,7,218.82
4389,2019-04-25,804,18,10,563.3
4390,2019-04-25,656,16,19,1053.55
4391,2019-04-25,706,42,4,350.04
4392,2019-04-25,754,8,8,189.04
4393,2019-04-25,773,37,14,867.86
4394,2019-04-25,664,9,17,464.27
4395,2019-04-25,873,35,6,505.2
4396,2019-04-25,852,29,1,59.23
4397,2019-04-25,716,25,13,958.1
4398,2019-04-25,706,6,16,1206.56
4399,2019-04-25,969,30,18,413.28
4400,2019-04-25,179,14,7,521.85
4401,2019-04-25,277,54,9,340.11
4402,2019-04-25,550,52,19,1876.06
4403,2019-04-25,387,7,9,124.47
4404,2019-04-25,393,35,2,124.38
4405,2019-04-25,538,8,6,253.14
4406,2019-04-25,106,54,18,408.06
4407,2019-04-25,490,58,1,73.05
4408,2019-04-25,98,12,2,85.12
4409,2019-04-25,795,15,2,28.26
4410,2019-04-25,670,46,20,1226.8
4411,2019-04-25,907,58,7,511.35
4412,2019-04-25,212,59,12,891.36
4413,2019-04-25,827,7,5,60.85
4414,2019-04-25,555,12,13,553.28
4415,2019-04-25,480,22,5,301.3
4416,2019-04-25,826,16,14,776.3
4417,2019-04-25,1000,22,9,542.34
4418,2019-04-25,605,5,11,961.29
4419,2019-04-25,347,53,15,1110.9
4420,2019-04-25,180,36,9,124.47
4421,2019-04-25,824,29,7,414.61
4422,2019-04-25,808,20,12,1044.6
4423,2019-04-25,209,33,6,493.32
4424,2019-04-25,397,22,7,421.82
4425,2019-04-25,274,14,13,1292.2
4426,2019-04-25,897,40,15,1189.65
4427,2019-04-25,722,50,14,797.16
4428,2019-04-25,295,22,1,60.26
4429,2019-04-25,810,36,18,231.48
4430,2019-04-25,233,23,9,83.43
4431,2019-04-25,294,31,4,223.08
4432,2019-04-25,676,21,3,271.44
4433,2019-04-25,98,46,7,429.38
4434,2019-04-25,547,24,1,22.82
4435,2019-04-25,705,23,14,227.78
4436,2019-04-25,907,30,14,321.44
4437,2019-04-25,244,1,10,63.6
4438,2019-04-25,252,5,16,1034.72
4439,2019-04-25,396,56,2,41.06
4440,2019-04-25,215,41,7,457.45
4441,2019-04-25,11,54,15,566.85
4442,2019-04-25,34,4,3,204.48
4443,2019-04-25,648,5,19,1660.41
4444,2019-04-25,587,46,18,850.14
4445,2019-04-25,824,59,17,1262.76
4446,2019-04-25,896,47,12,579.84
4447,2019-04-25,431,5,14,1223.46
4448,2019-04-25,176,41,4,261.4
4449,2019-04-25,794,27,9,426.69
4450,2019-04-25,898,7,13,179.79
4451,2019-04-25,183,28,17,355.3
4452,2019-04-25,47,20,4,188.04
4453,2019-04-25,719,54,17,372.64
4454,2019-04-25,423,19,3,68.49
4455,2019-04-25,766,48,5,124.7
4456,2019-04-25,491,17,17,505.41
4457,2019-04-25,614,52,4,394.96
4458,2019-04-25,725,48,7,154.0
4459,2019-04-25,689,37,16,991.84
4460,2019-04-25,937,39,9,259.56
4461,2019-04-25,501,27,16,758.56
4462,2019-04-26,150,11,5,107.35
4463,2019-04-26,289,22,10,602.6
4464,2019-04-26,564,16,8,359.28
4465,2019-04-26,863,9,1,30.01
4466,2019-04-26,221,48,13,476.71
4467,2019-04-26,257,47,5,217.45
4468,2019-04-26,538,16,20,1109.0
4469,2019-04-26,665,58,12,876.6
4470,2019-04-26,101,8,20,843.8
4471,2019-04-26,242,57,15,1029.45
4472,2019-04-26,230,14,6,596.4
4473,2019-04-26,588,32,9,830.97
4474,2019-04-26,793,27,1,47.41
4475,2019-04-26,769,55,19,162.45
4476,2019-04-26,54,35,12,1148.16
4477,2019-04-26,759,11,13,279.11
4478,2019-04-26,304,24,9,281.34
4479,2019-04-26,674,40,11,872.41
4480,2019-04-26,512,6,5,496.1
4481,2019-04-26,582,2,15,1054.65
4482,2019-04-26,25,23,2,32.54
4483,2019-04-26,302,36,13,127.66
4484,2019-04-26,864,15,6,84.78
4485,2019-04-26,196,48,19,696.73
4486,2019-04-26,417,52,19,1876.06
4487,2019-04-26,43,48,3,110.01
4488,2019-04-26,157,53,3,222.18
4489,2019-04-26,883,2,7,600.18
4490,2019-04-26,137,3,19,1242.6
4491,2019-04-26,77,10,18,1601.82
4492,2019-04-26,693,24,17,531.42
4493,2019-04-26,868,58,9,657.45
4494,2019-04-26,383,45,10,457.7
4495,2019-04-26,987,49,4,250.4
4496,2019-04-26,863,54,15,566.85
4497,2019-04-26,534,19,8,182.64
4498,2019-04-26,199,60,13,535.86
4499,2019-04-26,128,26,15,1136.7
4500,2019-04-26,502,22,12,650.76
4501,2019-04-26,175,23,2,32.54
4502,2019-04-26,920,19,9,205.47
4503,2019-04-26,403,41,4,185.6
4504,2019-04-26,564,29,19,877.8
4505,2019-04-26,731,16,17,942.65
4506,2019-04-26,488,31,17,948.09
4507,2019-04-26,597,39,18,674.1
4508,2019-04-26,93,59,9,608.31
4509,2019-04-26,654,7,1,13.83
4510,2019-04-26,816,52,17,1477.13
4511,2019-04-26,806,54,7,264.53
4512,2019-04-26,196,5,16,1216.48
4513,2019-04-26,161,35,20,1913.6
4514,2019-04-26,862,22,12,723.12
4515,2019-04-26,4,50,9,575.82
4516,2019-04-26,148,53,20,829.4
4517,2019-04-26,7,1,4,25.44
4518,2019-04-26,746,24,20,537.6
4519,2019-04-26,921,19,19,368.79
4520,2019-04-26,217,20,20,1741.0
4521,2019-04-26,725,7,10,138.3
4522,2019-04-26,980,17,16,540.48
4523,2019-04-26,696,12,11,468.16
4524,2019-04-26,525,17,16,540.48
4525,2019-04-26,771,13,2,32.64
4526,2019-04-26,661,10,10,889.9
4527,2019-04-26,443,10,5,444.95
4528,2019-04-26,702,3,12,784.8
4529,2019-04-27,559,2,9,771.66
4530,2019-04-27,577,55,14,119.7
4531,2019-04-27,776,41,16,1045.6
4532,2019-04-27,199,40,17,916.81
4533,2019-04-27,454,4,16,828.8
4534,2019-04-27,175,25,4,294.8
4535,2019-04-27,353,38,1,21.98
4536,2019-04-27,742,11,11,236.17
4537,2019-04-27,229,27,16,758.56
4538,2019-04-27,820,34,12,1194.48
4539,2019-04-27,227,50,9,454.86
4540,2019-04-27,480,42,16,1400.16
4541,2019-04-27,460,58,17,1241.85
4542,2019-04-27,855,45,14,640.78
4543,2019-04-27,127,5,13,1136.07
4544,2019-04-27,1000,49,18,1126.8
4545,2019-04-27,931,59,4,175.32
4546,2019-04-27,185,16,19,695.4
4547,2019-04-27,700,44,7,214.69
4548,2019-04-27,365,19,14,319.62
4549,2019-04-27,513,54,11,415.69
4550,2019-04-27,655,50,5,319.9
4551,2019-04-27,563,40,16,1268.96
4552,2019-04-27,918,8,9,379.71
4553,2019-04-27,993,30,20,459.2
4554,2019-04-27,816,49,5,313.0
4555,2019-04-27,938,21,6,542.88
4556,2019-04-27,628,41,7,315.63
4557,2019-04-27,999,59,1,74.28
4558,2019-04-27,691,24,2,62.52
4559,2019-04-27,722,51,4,301.28
4560,2019-04-27,383,23,13,105.82
4561,2019-04-27,368,33,6,493.32
4562,2019-04-27,761,1,4,25.44
4563,2019-04-27,300,37,8,495.92
4564,2019-04-27,738,14,17,1689.8
4565,2019-04-27,577,27,3,142.23
4566,2019-04-27,541,11,8,163.2
4567,2019-04-27,931,24,8,135.04
4568,2019-04-27,991,43,9,366.21
4569,2019-04-27,982,7,13,109.72
4570,2019-04-27,110,25,18,1326.6
4571,2019-04-27,282,49,17,1064.2
4572,2019-04-27,978,48,17,623.39
4573,2019-04-27,728,2,11,943.14
4574,2019-04-27,266,46,14,506.66
4575,2019-04-27,657,15,5,37.45
4576,2019-04-27,362,58,3,120.54
4577,2019-04-27,436,5,6,524.34
4578,2019-04-27,348,33,5,411.1
4579,2019-04-27,588,48,16,586.72
4580,2019-04-27,848,45,6,274.62
4581,2019-04-27,212,23,17,221.34
4582,2019-04-27,721,29,2,118.46
4583,2019-04-27,849,19,3,68.49
4584,2019-04-27,298,41,10,653.5
4585,2019-04-27,133,42,11,962.61
4586,2019-04-27,747,5,15,1310.85
4587,2019-04-27,476,2,13,1114.62
4588,2019-04-27,69,54,1,37.79
4589,2019-04-27,144,32,13,1200.29
4590,2019-04-27,182,58,16,596.16
4591,2019-04-27,335,18,14,788.62
4592,2019-04-27,183,31,15,485.25
4593,2019-04-27,115,44,4,122.68
4594,2019-04-27,3,44,6,184.02
4595,2019-04-27,809,51,8,602.56
4596,2019-04-27,385,52,17,1678.58
4597,2019-04-27,926,54,18,408.06
4598,2019-04-27,773,7,13,179.79
4599,2019-04-27,731,59,6,445.68
4600,2019-04-27,873,36,6,82.98
4601,2019-04-27,993,18,6,337.98
4602,2019-04-27,945,57,14,960.82
4603,2019-04-27,806,47,13,628.16
4604,2019-04-27,425,27,14,663.74
4605,2019-04-27,451,26,20,1684.0
4606,2019-04-27,180,21,17,1245.93
4607,2019-04-27,397,51,12,903.84
4608,2019-04-27,946,4,3,204.48
4609,2019-04-27,311,46,3,184.02
4610,2019-04-27,473,30,10,229.6
4611,2019-04-27,217,4,3,202.44
4612,2019-04-27,897,1,14,89.04
4613,2019-04-27,388,15,13,183.69
4614,2019-04-27,571,40,5,396.55
4615,2019-04-27,784,48,8,293.36
4616,2019-04-27,570,15,20,282.6
4617,2019-04-27,359,20,14,1218.7
4618,2019-04-27,930,8,5,187.75
4619,2019-04-27,903,37,6,371.94
4620,2019-04-27,847,52,20,1974.8
4621,2019-04-28,319,22,11,662.86
4622,2019-04-28,276,49,3,135.21
4623,2019-04-28,108,3,17,1111.8
4624,2019-04-28,217,1,14,89.04
4625,2019-04-28,366,3,19,1242.6
4626,2019-04-28,503,38,3,36.93
4627,2019-04-28,671,30,19,436.24
4628,2019-04-28,378,9,1,30.01
4629,2019-04-28,328,34,3,298.62
4630,2019-04-28,498,59,11,817.08
4631,2019-04-28,117,56,8,139.6
4632,2019-04-28,770,47,1,48.32
4633,2019-04-28,80,48,4,146.68
4634,2019-04-28,590,30,14,321.44
4635,2019-04-28,920,41,9,588.15
4636,2019-04-28,519,5,3,262.17
4637,2019-04-28,61,47,19,918.08
4638,2019-04-28,438,5,7,611.73
4639,2019-04-28,450,11,15,322.05
4640,2019-04-28,639,19,13,296.79
4641,2019-04-28,673,19,7,110.25
4642,2019-04-28,733,40,19,1506.89
4643,2019-04-28,882,25,5,368.5
4644,2019-04-28,913,13,6,119.4
4645,2019-04-28,472,4,2,136.32
4646,2019-04-28,427,28,5,141.2
4647,2019-04-28,565,1,13,82.68
4648,2019-04-28,544,39,16,599.2
4649,2019-04-28,47,51,13,842.14
4650,2019-04-28,176,25,19,1400.3
4651,2019-04-28,494,9,14,420.14
4652,2019-04-28,820,17,4,120.24
4653,2019-04-28,59,54,18,680.22
4654,2019-04-28,406,16,10,432.5
4655,2019-04-28,42,20,3,188.04
4656,2019-04-28,159,53,15,899.85
4657,2019-04-28,157,33,8,657.76
4658,2019-04-28,529,11,12,257.64
4659,2019-04-28,499,18,20,1126.6
4660,2019-04-28,703,20,9,783.45
4661,2019-04-28,591,34,13,1294.02
4662,2019-04-28,286,18,12,675.96
4663,2019-04-28,347,53,14,1036.84
4664,2019-04-28,56,37,1,61.99
4665,2019-04-28,612,45,17,567.97
4666,2019-04-28,638,5,5,436.95
4667,2019-04-28,999,41,18,1176.3
4668,2019-04-28,746,10,20,1441.6
4669,2019-04-28,203,59,4,273.36
4670,2019-04-28,535,43,15,610.35
4671,2019-04-28,163,30,10,130.9
4672,2019-04-28,513,4,1,68.16
4673,2019-04-28,855,52,8,647.76
4674,2019-04-28,424,3,1,65.4
4675,2019-04-28,456,20,12,1044.6
4676,2019-04-28,97,23,20,325.4
4677,2019-04-28,319,35,1,67.93
4678,2019-04-28,977,43,14,569.66
4679,2019-04-28,917,55,1,8.55
4680,2019-04-28,94,45,1,45.77
4681,2019-04-28,119,43,13,528.97
4682,2019-04-28,693,38,17,373.66
4683,2019-04-28,177,45,15,521.85
4684,2019-04-28,296,35,4,382.72
4685,2019-04-28,432,3,2,69.32
4686,2019-04-28,629,58,12,876.6
4687,2019-04-28,254,5,15,1310.85
4688,2019-04-28,966,35,5,478.4
4689,2019-04-29,119,53,7,518.42
4690,2019-04-29,555,57,1,42.55
4691,2019-04-29,514,3,9,588.6
4692,2019-04-29,496,25,12,884.4
4693,2019-04-29,616,39,16,599.2
4694,2019-04-29,996,10,19,1690.81
4695,2019-04-29,213,53,14,1036.84
4696,2019-04-29,362,36,13,179.79
4697,2019-04-29,863,12,11,271.48
4698,2019-04-29,368,29,11,651.53
4699,2019-04-29,789,37,2,123.98
4700,2019-04-29,784,13,1,19.9
4701,2019-04-29,426,23,17,276.59
4702,2019-04-29,504,47,12,579.84
4703,2019-04-29,438,58,15,1095.75
4704,2019-04-29,274,42,5,437.55
4705,2019-04-29,702,48,13,476.71
4706,2019-04-29,431,17,11,371.58
4707,2019-04-29,542,1,3,17.94
4708,2019-04-29,466,7,18,243.9
4709,2019-04-29,552,8,1,42.19
4710,2019-04-29,630,49,12,751.2
4711,2019-04-29,318,56,15,307.95
4712,2019-04-29,448,5,9,786.51
4713,2019-04-29,151,43,12,488.28
4714,2019-04-29,304,23,2,27.66
4715,2019-04-29,167,8,16,675.04
4716,2019-04-29,756,20,5,422.2
4717,2019-04-29,225,56,18,332.64
4718,2019-04-29,906,26,4,336.8
4719,2019-04-29,289,10,12,822.24
4720,2019-04-29,580,11,16,278.24
4721,2019-04-29,74,34,11,1094.94
4722,2019-04-29,664,46,15,791.25
4723,2019-04-29,180,54,1,37.79
4724,2019-04-29,127,36,12,159.36
4725,2019-04-29,616,49,10,626.0
4726,2019-04-29,422,23,1,16.27
4727,2019-04-29,588,46,10,613.4
4728,2019-04-29,372,25,19,896.23
4729,2019-04-29,278,11,1,21.47
4730,2019-04-29,622,22,10,602.6
4731,2019-04-29,43,43,19,773.11
4732,2019-04-29,24,39,15,561.75
4733,2019-04-29,42,20,4,348.2
4734,2019-04-29,705,21,12,1085.76
4735,2019-04-29,410,27,3,142.23
4736,2019-04-29,605,24,1,31.26
4737,2019-04-29,409,22,6,361.56
4738,2019-04-29,256,53,4,296.24
4739,2019-04-29,623,58,10,730.5
4740,2019-04-29,908,24,8,250.08
4741,2019-04-29,86,44,2,61.34
4742,2019-04-29,139,55,6,51.3
4743,2019-04-29,446,39,3,112.35
4744,2019-04-29,511,29,17,1006.91
4745,2019-04-29,42,19,11,251.13
4746,2019-04-29,945,55,7,59.85
4747,2019-04-29,67,54,11,415.69
4748,2019-04-29,91,53,20,1111.0
4749,2019-04-30,432,24,9,236.34
4750,2019-04-30,703,33,20,1052.4
4751,2019-04-30,177,6,20,1984.4
4752,2019-04-30,82,17,2,66.88
4753,2019-04-30,759,41,12,784.2
4754,2019-04-30,47,11,5,93.4
4755,2019-04-30,457,12,10,425.6
4756,2019-04-30,846,15,16,226.08
4757,2019-04-30,819,55,6,51.3
4758,2019-04-30,144,28,3,84.72
4759,2019-04-30,182,38,11,241.78
4760,2019-04-30,112,6,5,496.1
4761,2019-04-30,884,17,15,354.75
4762,2019-04-30,711,40,15,1189.65
4763,2019-04-30,647,51,19,1431.08
4764,2019-04-30,911,48,7,256.69
4765,2019-04-30,701,18,12,675.96
4766,2019-04-30,595,24,12,375.12
4767,2019-04-30,306,31,19,995.98
4768,2019-04-30,176,30,9,206.64
4769,2019-04-30,289,27,9,426.69
4770,2019-04-30,787,39,6,224.7
4771,2019-04-30,263,26,2,168.4
4772,2019-04-30,361,16,16,833.92
4773,2019-04-30,470,3,15,667.05
4774,2019-04-30,364,59,4,282.28
4775,2019-04-30,385,7,10,118.9
4776,2019-04-30,145,22,19,1144.94
4777,2019-04-30,937,47,6,237.72
4778,2019-04-30,45,2,14,1200.36
4779,2019-04-30,615,1,4,25.44
4780,2019-04-30,807,36,3,41.49
4781,2019-04-30,787,22,4,241.04
4782,2019-04-30,838,38,12,224.16
4783,2019-04-30,145,23,16,260.32
4784,2019-04-30,220,45,19,869.63
4785,2019-04-30,140,58,15,1051.95
4786,2019-04-30,230,16,8,443.6
4787,2019-04-30,307,49,2,63.86
4788,2019-04-30,736,38,3,34.95
4789,2019-04-30,993,2,18,1543.32
4790,2019-04-30,560,12,1,42.56
4791,2019-04-30,883,1,17,108.12
4792,2019-04-30,858,32,8,738.64
4793,2019-04-30,642,49,12,488.28
4794,2019-04-30,594,56,7,77.63
4795,2019-04-30,213,2,16,1303.2
4796,2019-04-30,891,3,3,196.2
4797,2019-04-30,459,36,18,248.94
4798,2019-04-30,331,26,4,336.8
4799,2019-04-30,437,60,13,535.86
4800,2019-04-30,749,27,18,853.38
4801,2019-04-30,127,17,3,101.34
4802,2019-04-30,446,13,20,398.0
4803,2019-04-30,775,53,19,1139.81
4804,2019-04-30,655,54,10,377.9
4805,2019-04-30,431,30,2,45.92
4806,2019-04-30,102,43,15,305.25
4807,2019-04-30,239,21,12,879.48
4808,2019-04-30,145,19,19,433.77
4809,2019-04-30,655,26,8,673.6
4810,2019-04-30,187,18,6,290.64
4811,2019-04-30,87,7,9,123.21
4812,2019-04-30,524,42,9,787.59
4813,2019-04-30,881,10,2,177.98
4814,2019-04-30,5,10,12,651.36
4815,2019-04-30,959,20,4,348.2
4816,2019-04-30,91,19,12,219.12
4817,2019-04-30,112,3,14,915.6
4818,2019-04-30,363,29,13,769.99
4819,2019-04-30,625,48,9,330.03
4820,2019-04-30,248,10,14,1245.86
4821,2019-04-30,198,24,8,250.08
4822,2019-04-30,650,14,14,1391.6
4823,2019-04-30,367,56,12,246.36
4824,2019-05-13,265,23,15,244.05
4825,2019-05-13,834,56,5,102.65
4826,2019-05-13,323,60,19,783.18
4827,2019-05-13,395,3,10,654.0
4828,2019-05-13,216,18,9,506.97
4829,2019-05-13,138,57,10,686.3
4830,2019-05-13,741,29,17,1006.91
4831,2019-05-13,337,17,14,472.92
4832,2019-05-13,96,59,20,757.6
4833,2019-05-13,882,19,5,114.15
4834,2019-05-13,566,30,9,126.09
4835,2019-05-13,364,10,9,800.91
4836,2019-05-13,968,29,2,67.52
4837,2019-05-13,577,26,10,842.0
4838,2019-05-13,251,35,1,95.68
4839,2019-05-13,608,45,1,45.77
4840,2019-05-13,410,2,2,171.48
4841,2019-05-13,45,4,2,136.32
4842,2019-05-13,336,56,8,108.4
4843,2019-05-13,736,2,14,1056.3
4844,2019-05-13,344,13,3,59.7
4845,2019-05-13,511,34,13,892.84
4846,2019-05-13,864,4,20,927.0
4847,2019-05-13,993,34,20,1990.8
4848,2019-05-13,730,59,2,133.7
4849,2019-05-13,91,22,14,843.64
4850,2019-05-13,314,54,1,37.79
4851,2019-05-13,117,37,8,495.92
4852,2019-05-13,343,5,10,873.9
4853,2019-05-13,279,22,14,514.64
4854,2019-05-13,145,13,7,139.3
4855,2019-05-13,878,60,4,156.64
4856,2019-05-13,146,11,10,214.7
4857,2019-05-13,15,6,16,1444.64
4858,2019-05-13,62,26,2,168.4
4859,2019-05-13,778,31,9,491.85
4860,2019-05-13,789,18,15,844.95
4861,2019-05-13,843,59,15,1114.2
4862,2019-05-13,604,17,11,371.58
4863,2019-05-13,575,3,16,1046.4
4864,2019-05-13,567,59,6,445.68
4865,2019-05-13,59,9,5,121.55
4866,2019-05-13,674,20,19,1653.95
4867,2019-05-13,687,60,15,599.7
4868,2019-05-13,131,21,6,282.3
4869,2019-05-13,92,11,19,407.93
4870,2019-05-13,185,37,3,105.99
4871,2019-05-13,763,60,2,82.44
4872,2019-05-13,530,54,6,158.7
4873,2019-05-13,963,17,8,270.24
4874,2019-05-13,633,38,7,107.73
4875,2019-05-13,73,49,14,876.4
4876,2019-05-13,253,55,12,102.6
4877,2019-05-13,468,46,4,245.36
4878,2019-05-13,611,14,19,1888.6
4879,2019-05-13,895,51,19,1431.08
4880,2019-05-13,519,60,2,82.44
4881,2019-05-14,117,14,15,1491.0
4882,2019-05-14,840,21,19,1719.12
4883,2019-05-14,949,59,17,1262.76
4884,2019-05-14,29,26,2,92.62
4885,2019-05-14,438,44,8,245.36
4886,2019-05-14,338,35,1,95.68
4887,2019-05-14,537,6,10,902.9
4888,2019-05-14,691,8,8,185.6
4889,2019-05-14,130,5,16,1398.24
4890,2019-05-14,239,15,19,268.47
4891,2019-05-14,364,7,1,13.83
4892,2019-05-14,444,1,8,41.2
4893,2019-05-14,89,42,12,567.12
4894,2019-05-14,868,46,4,245.36
4895,2019-05-14,139,32,14,1292.62
4896,2019-05-14,194,40,17,1348.27
4897,2019-05-14,770,4,3,204.48
4898,2019-05-14,752,18,8,450.64
4899,2019-05-14,489,32,11,1015.63
4900,2019-05-14,298,55,10,85.5
4901,2019-05-14,728,11,18,386.46
4902,2019-05-14,465,59,6,445.68
4903,2019-05-14,378,8,7,295.33
4904,2019-05-14,682,29,6,355.38
4905,2019-05-14,896,9,10,300.1
4906,2019-05-14,665,15,12,169.56
4907,2019-05-14,630,48,15,550.05
4908,2019-05-14,129,12,8,340.48
4909,2019-05-14,709,46,14,858.76
4910,2019-05-14,327,39,16,599.2
4911,2019-05-14,867,15,15,211.95
4912,2019-05-14,742,9,5,150.05
4913,2019-05-14,454,25,12,884.4
4914,2019-05-14,107,32,4,369.32
4915,2019-05-14,139,27,2,94.82
4916,2019-05-14,628,9,3,90.03
4917,2019-05-14,885,40,16,1268.96
4918,2019-05-14,428,6,12,1190.64
4919,2019-05-14,539,31,12,669.24
4920,2019-05-14,601,36,4,55.32
4921,2019-05-14,745,22,8,274.8
4922,2019-05-15,883,14,2,198.8
4923,2019-05-15,368,20,15,1305.75
4924,2019-05-15,433,14,12,1192.8
4925,2019-05-15,419,47,19,918.08
4926,2019-05-15,451,4,7,477.12
4927,2019-05-15,267,33,18,1479.96
4928,2019-05-15,600,16,1,46.58
4929,2019-05-15,893,16,19,1053.55
4930,2019-05-15,695,38,3,46.83
4931,2019-05-15,663,40,1,79.31
4932,2019-05-15,198,16,4,221.8
4933,2019-05-15,419,32,13,1200.29
4934,2019-05-15,621,4,13,886.08
4935,2019-05-15,718,2,6,514.44
4936,2019-05-15,192,4,6,408.96
4937,2019-05-15,325,39,1,37.45
4938,2019-05-15,899,20,19,1075.02
4939,2019-05-15,144,31,8,446.16
4940,2019-05-15,459,23,12,195.24
4941,2019-05-15,658,46,7,429.38
4942,2019-05-15,178,21,12,629.76
4943,2019-05-15,150,35,10,956.8
4944,2019-05-15,90,7,6,58.92
4945,2019-05-15,965,32,18,1612.08
4946,2019-05-15,669,32,18,1661.94
4947,2019-05-15,764,8,1,42.19
4948,2019-05-15,922,50,18,1151.64
4949,2019-05-15,517,60,18,741.96
4950,2019-05-15,839,19,18,234.18
4951,2019-05-15,668,48,1,33.74
4952,2019-05-15,38,21,7,633.36
4953,2019-05-15,732,55,18,153.9
4954,2019-05-15,169,47,20,966.4
4955,2019-05-15,305,29,20,1184.6
4956,2019-05-15,53,19,6,136.98
4957,2019-05-15,935,17,2,67.56
4958,2019-05-16,376,12,12,510.72
4959,2019-05-16,831,58,1,73.05
4960,2019-05-16,636,32,11,1015.63
4961,2019-05-16,172,57,10,686.3
4962,2019-05-16,786,38,11,241.78
4963,2019-05-16,582,30,3,68.88
4964,2019-05-16,356,60,4,128.6
4965,2019-05-16,174,35,12,1148.16
4966,2019-05-16,7,55,12,102.6
4967,2019-05-16,773,11,18,336.24
4968,2019-05-16,194,51,1,75.32
4969,2019-05-16,739,41,19,1241.65
4970,2019-05-16,598,52,14,1382.36
4971,2019-05-16,426,31,6,334.62
4972,2019-05-16,313,9,6,180.06
4973,2019-05-16,690,50,6,353.16
4974,2019-05-16,997,35,14,1339.52
4975,2019-05-16,287,41,11,718.85
4976,2019-05-16,611,48,2,73.34
4977,2019-05-16,927,1,3,19.08
4978,2019-05-16,352,2,10,831.7
4979,2019-05-16,122,42,20,1750.2
4980,2019-05-16,847,54,3,113.37
4981,2019-05-16,8,3,3,196.2
4982,2019-05-16,662,6,9,892.98
4983,2019-05-16,971,7,20,276.6
4984,2019-05-16,77,7,8,110.64
4985,2019-05-16,775,37,14,676.9
4986,2019-05-16,96,7,6,43.14
4987,2019-05-16,590,9,8,240.08
4988,2019-05-16,504,11,16,343.52
4989,2019-05-16,197,11,6,128.82
4990,2019-05-16,489,34,4,370.28
4991,2019-05-16,680,36,6,82.98
4992,2019-05-16,251,3,12,784.8
4993,2019-05-16,30,6,14,1389.08
4994,2019-05-16,196,3,3,196.2
4995,2019-05-16,60,14,5,497.0
4996,2019-05-16,542,20,10,870.5
4997,2019-05-16,470,44,4,122.68
4998,2019-05-16,28,45,19,782.61
4999,2019-05-16,823,57,15,1029.45
5000,2019-05-16,407,21,20,1809.6
5001,2019-05-16,997,13,8,159.2
5002,2019-05-16,423,25,11,810.7
5003,2019-05-16,430,37,8,495.92
5004,2019-05-17,383,18,3,168.99
5005,2019-05-17,632,18,5,281.65
5006,2019-05-17,439,42,4,350.04
5007,2019-05-17,611,31,1,55.77
5008,2019-05-17,396,48,17,623.39
5009,2019-05-17,687,27,13,616.33
5010,2019-05-17,584,30,2,45.92
5011,2019-05-17,288,7,9,97.11
5012,2019-05-17,858,43,12,263.64
5013,2019-05-17,712,9,2,60.02
5014,2019-05-17,121,33,18,1479.96
5015,2019-05-17,263,49,12,751.2
5016,2019-05-17,128,56,16,328.48
5017,2019-05-17,413,16,9,499.05
5018,2019-05-17,151,3,1,65.4
5019,2019-05-17,522,54,19,718.01
5020,2019-05-17,438,5,10,873.9
5021,2019-05-17,750,18,18,709.74
5022,2019-05-17,957,30,13,298.48
5023,2019-05-17,814,57,6,411.78
5024,2019-05-17,450,28,7,144.34
5025,2019-05-17,894,54,9,340.11
5026,2019-05-17,262,1,7,44.52
5027,2019-05-17,317,46,17,948.94
5028,2019-05-17,19,1,10,62.3
5029,2019-05-17,707,28,20,564.8
5030,2019-05-17,512,4,8,545.28
5031,2019-05-17,591,54,14,433.86
5032,2019-05-17,477,34,9,895.86
5033,2019-05-17,520,13,18,336.78
5034,2019-05-17,680,23,1,16.27
5035,2019-05-17,811,19,18,410.94
5036,2019-05-17,547,7,11,152.13
5037,2019-05-17,213,43,2,81.38
5038,2019-05-17,508,42,20,1750.2
5039,2019-05-17,869,27,4,163.08
5040,2019-05-17,363,37,1,32.23
5041,2019-05-17,471,31,2,111.54
5042,2019-05-17,330,4,16,1090.56
5043,2019-05-17,800,8,7,295.33
5044,2019-05-17,627,40,4,317.24
5045,2019-05-17,505,23,6,97.62
5046,2019-05-17,540,27,16,477.92
5047,2019-05-17,603,34,7,696.78
5048,2019-05-17,738,37,13,805.87
5049,2019-05-17,45,49,9,563.4
5050,2019-05-17,557,42,17,1190.17
5051,2019-05-17,275,41,12,447.0
5052,2019-05-17,127,55,15,128.25
5053,2019-05-17,565,42,12,903.12
5054,2019-05-17,785,48,17,623.39
5055,2019-05-18,694,35,6,574.08
5056,2019-05-18,571,10,10,889.9
5057,2019-05-18,243,43,15,402.9
5058,2019-05-18,302,50,14,895.72
5059,2019-05-18,166,18,12,675.96
5060,2019-05-18,681,6,9,892.98
5061,2019-05-18,800,15,15,211.95
5062,2019-05-18,540,52,1,98.74
5063,2019-05-18,400,43,2,62.66
5064,2019-05-18,756,22,11,662.86
5065,2019-05-18,1000,25,7,515.9
5066,2019-05-18,854,37,19,1177.81
5067,2019-05-18,793,40,12,799.44
5068,2019-05-18,915,6,5,496.1
5069,2019-05-18,994,54,6,226.74
5070,2019-05-18,553,32,2,184.66
5071,2019-05-18,317,34,1,99.54
5072,2019-05-18,259,38,3,42.87
5073,2019-05-18,515,35,16,1331.84
5074,2019-05-18,774,44,16,490.72
5075,2019-05-18,69,50,10,582.2
5076,2019-05-18,899,28,6,169.44
5077,2019-05-18,549,9,8,240.08
5078,2019-05-18,323,27,15,711.15
5079,2019-05-18,289,7,12,165.96
5080,2019-05-18,484,7,2,27.66
5081,2019-05-18,717,21,4,361.92
5082,2019-05-18,341,16,16,833.92
5083,2019-05-18,378,5,20,1747.8
5084,2019-05-18,658,16,14,776.3
5085,2019-05-18,62,59,4,297.12
5086,2019-05-18,705,6,19,1885.18
5087,2019-05-18,579,59,14,1039.92
5088,2019-05-18,25,44,9,276.03
5089,2019-05-18,235,45,17,778.09
5090,2019-05-18,598,14,7,695.8
5091,2019-05-18,315,12,1,42.56
5092,2019-05-18,148,24,11,343.86
5093,2019-05-18,41,54,8,238.8
5094,2019-05-18,904,51,8,325.36
5095,2019-05-18,826,46,9,552.06
5096,2019-05-19,103,32,4,369.32
5097,2019-05-19,847,5,6,435.18
5098,2019-05-19,754,41,4,261.4
5099,2019-05-19,714,60,6,217.62
5100,2019-05-19,395,47,17,821.44
5101,2019-05-19,937,32,16,989.76
5102,2019-05-19,727,25,6,442.2
5103,2019-05-19,694,42,14,1225.14
5104,2019-05-19,661,29,19,1125.37
5105,2019-05-19,836,50,16,604.0
5106,2019-05-19,910,47,1,38.17
5107,2019-05-19,392,10,15,934.35
5108,2019-05-19,727,23,6,97.62
5109,2019-05-19,834,43,4,86.28
5110,2019-05-19,95,24,4,125.04
5111,2019-05-19,867,44,4,122.68
5112,2019-05-19,120,21,20,1809.6
5113,2019-05-19,209,48,14,513.38
5114,2019-05-19,624,36,7,96.81
5115,2019-05-19,597,21,20,1809.6
5116,2019-05-19,214,6,18,1250.1
5117,2019-05-19,710,43,2,81.38
5118,2019-05-19,447,6,14,722.26
5119,2019-05-19,543,3,9,370.8
5120,2019-05-19,602,39,10,374.5
5121,2019-05-19,98,6,19,1885.18
5122,2019-05-19,55,60,4,126.96
5123,2019-05-19,369,16,12,665.4
5124,2019-05-19,165,16,19,1053.55
5125,2019-05-19,199,39,14,482.3
5126,2019-05-19,669,37,20,1239.8
5127,2019-05-19,707,11,5,107.35
5128,2019-05-19,673,55,8,68.4
5129,2019-05-19,93,50,13,831.74
5130,2019-05-19,389,8,6,146.82
5131,2019-05-19,679,51,4,171.72
5132,2019-05-19,429,54,1,26.83
5133,2019-05-19,144,38,18,265.14
5134,2019-05-19,632,34,19,1891.26
5135,2019-05-19,609,51,10,753.2
5136,2019-05-19,886,60,20,824.4
5137,2019-05-19,834,10,6,475.2
5138,2019-05-19,476,11,17,317.56
5139,2019-05-19,987,27,14,663.74
5140,2019-05-19,320,12,18,766.08
5141,2019-05-19,896,19,18,410.94
5142,2019-05-19,187,43,9,366.21
5143,2019-05-19,687,40,5,380.7
5144,2019-05-19,891,52,13,1283.62
5145,2019-05-19,448,17,16,540.48
5146,2019-05-19,212,17,19,641.82
5147,2019-05-19,40,54,18,550.98
5148,2019-05-19,111,13,16,318.4
5149,2019-05-20,871,58,9,657.45
5150,2019-05-20,186,53,13,962.78
5151,2019-05-20,914,1,18,114.48
5152,2019-05-20,589,45,1,35.7
5153,2019-05-20,187,48,12,321.24
5154,2019-05-20,141,9,7,115.57
5155,2019-05-20,359,20,15,1305.75
5156,2019-05-20,190,38,9,197.82
5157,2019-05-20,951,52,19,1876.06
5158,2019-05-20,520,13,20,398.0
5159,2019-05-20,330,50,8,511.84
5160,2019-05-20,920,23,3,48.81
5161,2019-05-20,541,12,11,458.81
5162,2019-05-20,684,35,10,956.8
5163,2019-05-20,718,48,12,440.04
5164,2019-05-20,385,33,16,1315.52
5165,2019-05-20,886,7,9,124.47
5166,2019-05-20,264,41,14,914.9
5167,2019-05-20,180,45,9,259.56
5168,2019-05-20,575,23,15,244.05
5169,2019-05-20,859,21,16,1447.68
5170,2019-05-20,550,49,7,438.2
5171,2019-05-20,743,19,4,91.32
5172,2019-05-20,15,6,7,500.08
5173,2019-05-20,933,53,14,1036.84
5174,2019-05-20,747,27,18,853.38
5175,2019-05-20,726,24,19,486.97
5176,2019-05-20,238,39,4,149.8
5177,2019-05-20,425,50,1,63.98
5178,2019-05-20,961,2,18,1543.32
5179,2019-05-20,848,49,17,1064.2
5180,2019-05-20,119,7,14,193.62
5181,2019-05-20,368,42,3,262.53
5182,2019-05-20,126,14,7,695.8
5183,2019-05-20,57,3,16,1046.4
5184,2019-05-20,443,3,1,39.24
5185,2019-05-20,790,23,3,48.81
5186,2019-05-20,921,14,13,1292.2
5187,2019-05-20,569,32,2,184.66
5188,2019-05-20,111,7,20,276.6
5189,2019-05-20,13,44,3,92.01
5190,2019-05-20,689,42,4,245.04
5191,2019-05-21,843,22,19,1144.94
5192,2019-05-21,754,35,4,382.72
5193,2019-05-21,811,49,18,1126.8
5194,2019-05-21,965,18,15,532.35
5195,2019-05-21,779,11,10,214.7
5196,2019-05-21,197,50,4,255.92
5197,2019-05-21,854,19,8,182.64
5198,2019-05-21,676,49,9,501.39
5199,2019-05-21,752,15,7,98.91
5200,2019-05-21,679,52,10,987.4
5201,2019-05-21,613,56,12,246.36
5202,2019-05-21,357,29,11,651.53
5203,2019-05-21,303,28,15,241.5
5204,2019-05-21,625,19,10,228.3
5205,2019-05-21,540,37,13,805.87
5206,2019-05-21,742,46,13,582.14
5207,2019-05-21,274,41,20,1307.0
5208,2019-05-21,124,45,14,640.78
5209,2019-05-21,745,27,20,948.2
5210,2019-05-21,104,46,20,1226.8
5211,2019-05-21,570,15,3,32.64
5212,2019-05-21,393,13,20,398.0
5213,2019-05-21,247,43,18,732.42
5214,2019-05-21,856,34,5,497.7
5215,2019-05-21,646,38,1,14.07
5216,2019-05-21,295,28,14,395.36
5217,2019-05-21,294,22,19,801.42
5218,2019-05-21,180,19,9,125.37
5219,2019-05-21,449,51,6,451.92
5220,2019-05-21,323,34,5,497.7
5221,2019-05-21,731,25,7,515.9
5222,2019-05-21,827,19,2,45.66
5223,2019-05-21,817,39,19,711.55
5224,2019-05-21,674,12,8,340.48
5225,2019-05-21,66,49,3,187.8
5226,2019-05-21,707,26,15,1263.0
5227,2019-05-21,39,57,9,617.67
5228,2019-05-21,531,36,5,69.15
5229,2019-05-21,311,5,5,436.95
5230,2019-05-21,702,37,13,773.63
5231,2019-05-21,758,10,9,432.45
5232,2019-05-21,385,20,7,609.35
5233,2019-05-21,95,7,6,82.98
5234,2019-05-22,605,30,12,275.52
5235,2019-05-22,553,52,3,228.09
5236,2019-05-22,810,23,15,244.05
5237,2019-05-22,628,46,10,613.4
5238,2019-05-22,475,59,9,668.52
5239,2019-05-22,138,23,8,130.16
5240,2019-05-22,194,14,14,1391.6
5241,2019-05-22,288,39,20,666.6
5242,2019-05-22,820,38,20,439.6
5243,2019-05-22,649,51,16,1205.12
5244,2019-05-22,356,32,12,842.04
5245,2019-05-22,906,32,10,517.0
5246,2019-05-22,382,8,12,506.28
5247,2019-05-22,487,35,2,191.36
5248,2019-05-22,112,32,9,830.97
5249,2019-05-22,892,35,19,1817.92
5250,2019-05-22,368,55,19,162.45
5251,2019-05-22,465,54,3,70.29
5252,2019-05-22,91,13,10,199.0
5253,2019-05-22,796,12,15,638.4
5254,2019-05-22,330,30,17,390.32
5255,2019-05-22,652,1,20,101.8
5256,2019-05-22,51,35,16,1530.88
5257,2019-05-22,183,22,7,421.82
5258,2019-05-22,771,29,2,118.46
5259,2019-05-22,664,36,1,13.83
5260,2019-05-22,46,8,14,437.08
5261,2019-05-22,76,60,2,82.44
5262,2019-05-22,859,3,16,1046.4
5263,2019-05-22,702,57,13,892.19
5264,2019-05-22,662,46,11,674.74
5265,2019-05-22,892,27,2,62.58
5266,2019-05-22,766,6,16,1587.52
5267,2019-05-22,772,25,16,1179.2
5268,2019-05-22,424,5,1,87.39
5269,2019-05-22,131,60,19,783.18
5270,2019-05-22,805,11,19,407.93
5271,2019-05-22,908,50,1,49.26
5272,2019-05-22,8,50,17,1087.66
5273,2019-05-22,646,15,2,28.26
5274,2019-05-22,11,52,7,691.18
5275,2019-05-22,233,27,20,948.2
5276,2019-05-22,30,17,14,472.92
5277,2019-05-23,819,37,8,406.64
5278,2019-05-23,669,55,2,17.1
5279,2019-05-23,298,3,16,1046.4
5280,2019-05-23,738,40,19,1506.89
5281,2019-05-23,508,31,6,334.62
5282,2019-05-23,959,53,18,1333.08
5283,2019-05-23,687,8,15,632.85
5284,2019-05-23,72,22,16,964.16
5285,2019-05-23,404,24,16,250.08
5286,2019-05-23,716,10,8,711.92
5287,2019-05-23,129,37,18,1115.82
5288,2019-05-23,584,46,13,518.31
5289,2019-05-23,444,42,9,787.59
5290,2019-05-23,232,59,15,1114.2
5291,2019-05-23,530,7,10,138.3
5292,2019-05-23,451,36,4,55.32
5293,2019-05-23,682,21,8,723.84
5294,2019-05-23,316,17,4,135.12
5295,2019-05-23,884,5,2,174.78
5296,2019-05-23,679,26,10,799.9
5297,2019-05-23,15,40,17,1348.27
5298,2019-05-23,779,26,13,1094.6
5299,2019-05-23,842,8,6,215.16
5300,2019-05-23,966,38,2,43.96
5301,2019-05-23,929,55,10,85.5
5302,2019-05-23,217,5,2,174.78
5303,2019-05-23,595,2,5,342.95
5304,2019-05-23,760,13,17,338.3
5305,2019-05-23,141,14,8,795.2
5306,2019-05-23,949,16,16,665.44
5307,2019-05-23,798,20,5,435.25
5308,2019-05-24,98,9,18,540.18
5309,2019-05-24,128,27,9,426.69
5310,2019-05-24,91,45,13,493.87
5311,2019-05-24,106,49,14,788.76
5312,2019-05-24,280,13,9,179.1
5313,2019-05-24,105,53,5,370.3
5314,2019-05-24,936,13,8,159.2
5315,2019-05-24,600,24,8,250.08
5316,2019-05-24,563,55,10,69.3
5317,2019-05-24,85,33,5,287.75
5318,2019-05-24,548,45,11,286.99
5319,2019-05-24,213,35,3,287.04
5320,2019-05-24,776,33,8,657.76
5321,2019-05-24,637,32,19,1754.27
5322,2019-05-24,731,60,9,330.21
5323,2019-05-24,483,56,3,61.59
5324,2019-05-24,565,38,12,263.76
5325,2019-05-24,248,60,9,370.98
5326,2019-05-24,521,18,1,56.33
5327,2019-05-24,594,7,8,57.52
5328,2019-05-24,840,50,16,1023.68
5329,2019-05-24,116,58,5,365.25
5330,2019-05-24,239,51,3,225.96
5331,2019-05-24,96,3,3,196.2
5332,2019-05-24,620,24,5,156.3
5333,2019-05-24,338,58,8,584.4
5334,2019-05-24,336,26,11,926.2
5335,2019-05-24,484,10,5,444.95
5336,2019-05-24,385,39,5,106.75
5337,2019-05-24,658,56,3,61.59
5338,2019-05-24,634,29,13,762.32
5339,2019-05-24,275,7,16,221.28
5340,2019-05-24,865,50,2,127.96
5341,2019-05-24,250,1,9,57.24
5342,2019-05-24,480,54,4,151.16
5343,2019-05-24,135,49,1,62.6
5344,2019-05-24,57,17,16,540.48
5345,2019-05-24,264,13,12,238.8
5346,2019-05-24,437,55,13,111.15
5347,2019-05-24,129,1,10,41.3
5348,2019-05-25,678,1,7,44.52
5349,2019-05-25,3,41,12,784.2
5350,2019-05-25,810,46,17,907.29
5351,2019-05-25,149,27,14,663.74
5352,2019-05-25,744,49,12,751.2
5353,2019-05-25,635,49,1,62.6
5354,2019-05-25,705,49,2,125.2
5355,2019-05-25,408,11,1,10.95
5356,2019-05-25,692,2,11,660.22
5357,2019-05-25,37,20,13,1131.65
5358,2019-05-25,795,21,18,1628.64
5359,2019-05-25,808,5,16,964.8
5360,2019-05-25,801,24,19,593.94
5361,2019-05-25,969,31,1,55.77
5362,2019-05-25,290,33,10,822.2
5363,2019-05-25,543,24,13,349.44
5364,2019-05-25,424,10,4,355.96
5365,2019-05-25,248,58,16,1168.8
5366,2019-05-25,543,14,14,974.12
5367,2019-05-25,907,6,11,1091.42
5368,2019-05-25,247,37,10,619.9
5369,2019-05-25,656,31,2,111.54
5370,2019-05-25,438,46,19,1165.46
5371,2019-05-25,9,31,11,613.47
5372,2019-05-25,235,46,10,613.4
5373,2019-05-25,626,25,5,368.5
5374,2019-05-25,597,18,5,281.65
5375,2019-05-25,413,17,5,114.85
5376,2019-05-25,582,40,10,491.7
5377,2019-05-25,241,2,17,1457.58
5378,2019-05-25,519,15,18,254.34
5379,2019-05-25,508,20,13,1131.65
5380,2019-05-25,811,23,1,16.27
5381,2019-05-25,168,40,8,494.88
5382,2019-05-25,860,7,9,124.47
5383,2019-05-25,358,38,3,44.85
5384,2019-05-25,934,48,12,440.04
5385,2019-05-25,149,15,15,167.4
5386,2019-05-25,617,59,7,519.96
5387,2019-05-25,29,32,16,1477.28
5388,2019-05-25,377,48,13,476.71
5389,2019-05-25,770,44,6,125.16
5390,2019-05-25,583,46,13,797.42
5391,2019-05-25,213,36,6,42.3
5392,2019-05-25,759,59,18,1337.04
5393,2019-05-25,890,20,19,1653.95
5394,2019-05-25,793,11,1,21.47
5395,2019-05-26,282,4,15,1022.4
5396,2019-05-26,793,30,5,59.7
5397,2019-05-26,174,20,6,522.3
5398,2019-05-26,532,13,3,59.7
5399,2019-05-26,801,30,8,183.68
5400,2019-05-26,117,31,20,825.4
5401,2019-05-26,488,35,8,765.44
5402,2019-05-26,337,51,10,753.2
5403,2019-05-26,656,55,6,51.3
5404,2019-05-26,828,46,9,552.06
5405,2019-05-26,391,23,8,130.16
5406,2019-05-26,930,26,2,168.4
5407,2019-05-26,828,2,2,109.74
5408,2019-05-26,576,46,15,818.85
5409,2019-05-26,263,15,4,31.08
5410,2019-05-26,868,52,15,1481.1
5411,2019-05-26,719,2,3,257.22
5412,2019-05-26,350,24,4,125.04
5413,2019-05-26,458,6,17,1686.74
5414,2019-05-26,513,13,11,218.9
5415,2019-05-26,618,54,19,718.01
5416,2019-05-26,586,31,3,167.31
5417,2019-05-26,370,3,11,719.4
5418,2019-05-26,822,57,7,480.41
5419,2019-05-26,362,30,7,160.72
5420,2019-05-26,318,46,13,613.99
5421,2019-05-26,589,27,7,331.87
5422,2019-05-26,455,27,14,663.74
5423,2019-05-26,57,38,7,153.86
5424,2019-05-26,329,27,8,379.28
5425,2019-05-26,957,1,1,5.79
5426,2019-05-26,87,37,6,371.94
5427,2019-05-26,309,47,6,289.92
5428,2019-05-26,824,2,3,257.22
5429,2019-05-26,152,43,18,578.7
5430,2019-05-26,565,9,6,180.06
5431,2019-05-26,124,49,19,1189.4
5432,2019-05-26,828,35,10,956.8
5433,2019-05-26,753,34,11,1094.94
5434,2019-05-26,230,43,5,203.45
5435,2019-05-26,113,6,12,1190.64
5436,2019-05-26,715,2,8,685.92
5437,2019-05-26,958,42,8,700.08
5438,2019-05-26,285,47,10,483.2
5439,2019-05-26,230,24,19,593.94
5440,2019-05-26,414,46,20,1226.8
5441,2019-05-27,819,38,5,109.9
5442,2019-05-27,501,59,2,148.56
5443,2019-05-27,26,47,13,628.16
5444,2019-05-27,571,15,19,268.47
5445,2019-05-27,756,36,14,193.62
5446,2019-05-27,197,17,7,146.58
5447,2019-05-27,661,36,7,96.81
5448,2019-05-27,996,11,1,21.47
5449,2019-05-27,717,35,3,287.04
5450,2019-05-27,691,10,16,896.96
5451,2019-05-27,305,27,16,758.56
5452,2019-05-27,340,3,11,669.02
5453,2019-05-27,759,60,2,82.44
5454,2019-05-27,639,59,15,1114.2
5455,2019-05-27,350,40,20,1586.2
5456,2019-05-27,217,53,2,148.12
5457,2019-05-27,542,21,3,271.44
5458,2019-05-27,668,41,10,653.5
5459,2019-05-27,464,27,4,189.64
5460,2019-05-27,765,34,18,1379.7
5461,2019-05-27,399,37,17,653.31
5462,2019-05-27,214,42,5,437.55
5463,2019-05-27,441,48,19,696.73
5464,2019-05-27,843,5,18,1573.02
5465,2019-05-27,676,31,16,838.72
5466,2019-05-27,943,45,17,778.09
5467,2019-05-27,652,42,14,1225.14
5468,2019-05-27,201,16,4,221.8
5469,2019-05-27,205,3,6,392.4
5470,2019-05-27,805,59,3,222.84
5471,2019-05-27,829,14,18,1485.0
5472,2019-05-27,834,22,9,542.34
5473,2019-05-27,886,38,3,65.94
5474,2019-05-27,155,60,18,741.96
5475,2019-05-27,962,13,8,159.2
5476,2019-05-27,218,22,17,1024.42
5477,2019-05-27,720,27,15,440.85
5478,2019-05-27,943,1,12,76.32
5479,2019-05-27,479,47,15,724.8
5480,2019-05-27,623,19,8,182.64
5481,2019-05-27,786,24,8,250.08
5482,2019-05-27,520,32,10,923.3
5483,2019-05-27,770,20,8,696.4
5484,2019-05-27,945,12,14,595.84
5485,2019-05-27,887,15,5,70.65
5486,2019-05-27,564,54,9,312.93
5487,2019-05-27,875,10,9,800.91
5488,2019-05-27,556,46,18,1104.12
5489,2019-05-27,77,46,7,429.38
5490,2019-05-27,872,16,20,1109.0
5491,2019-05-27,541,58,7,449.96
5492,2019-05-27,329,53,20,1481.2
5493,2019-05-27,820,7,13,124.02
5494,2019-05-27,887,30,18,413.28
5495,2019-05-27,891,46,20,1226.8
5496,2019-05-27,185,23,18,292.86
5497,2019-05-28,964,49,10,626.0
5498,2019-05-28,169,16,16,887.2
5499,2019-05-28,415,39,8,299.6
5500,2019-05-28,493,48,18,660.06
5501,2019-05-28,467,29,2,67.52
5502,2019-05-28,698,34,11,1094.94
5503,2019-05-28,819,23,5,81.35
5504,2019-05-28,814,35,9,861.12
5505,2019-05-28,47,35,1,85.16
5506,2019-05-28,50,51,20,1506.4
5507,2019-05-28,518,25,14,928.62
5508,2019-05-28,158,10,9,800.91
5509,2019-05-28,745,50,13,831.74
5510,2019-05-28,834,3,6,392.4
5511,2019-05-28,227,52,8,789.92
5512,2019-05-28,435,30,12,258.96
5513,2019-05-28,705,24,11,343.86
5514,2019-05-28,372,4,8,545.28
5515,2019-05-28,884,47,12,527.64
5516,2019-05-28,427,45,11,372.57
5517,2019-05-28,166,3,5,206.0
5518,2019-05-28,259,5,18,1573.02
5519,2019-05-28,960,53,18,1333.08
5520,2019-05-28,727,30,20,459.2
5521,2019-05-28,850,41,7,457.45
5522,2019-05-28,939,38,15,329.7
5523,2019-05-28,897,25,13,958.1
5524,2019-05-28,834,44,12,368.04
5525,2019-05-28,698,16,9,499.05
5526,2019-05-28,453,48,8,293.36
5527,2019-05-28,364,12,4,170.24
5528,2019-05-28,576,17,5,168.9
5529,2019-05-28,339,39,14,524.3
5530,2019-05-28,443,43,1,40.69
5531,2019-05-28,115,4,7,319.69
5532,2019-05-28,380,4,8,545.28
5533,2019-05-28,895,39,6,121.32
5534,2019-05-28,233,51,9,677.88
5535,2019-05-28,551,21,9,814.32
5536,2019-05-28,71,36,2,16.88
5537,2019-05-28,795,44,5,153.35
5538,2019-05-28,866,15,13,183.69
5539,2019-05-28,855,53,3,222.18
5540,2019-05-28,461,37,15,929.85
5541,2019-05-28,223,41,18,1176.3
5542,2019-05-28,534,31,14,780.78
5543,2019-05-28,852,14,19,1888.6
5544,2019-05-28,779,5,9,786.51
5545,2019-05-29,535,33,18,1479.96
5546,2019-05-29,805,30,17,390.32
5547,2019-05-29,537,1,12,76.32
5548,2019-05-29,806,8,1,42.19
5549,2019-05-29,869,12,5,212.8
5550,2019-05-29,545,58,10,730.5
5551,2019-05-29,904,17,11,371.58
5552,2019-05-29,314,42,14,1225.14
5553,2019-05-29,493,53,13,962.78
5554,2019-05-29,206,31,8,446.16
5555,2019-05-29,260,7,8,110.64
5556,2019-05-29,610,22,18,1084.68
5557,2019-05-29,798,16,15,815.1
5558,2019-05-29,651,26,15,1263.0
5559,2019-05-29,985,51,19,1116.25
5560,2019-05-29,903,34,12,1194.48
5561,2019-05-29,524,47,14,676.48
5562,2019-05-29,88,12,10,425.6
5563,2019-05-29,199,23,20,325.4
5564,2019-05-29,419,16,10,554.5
5565,2019-05-29,34,16,11,609.95
5566,2019-05-29,670,52,5,493.7
5567,2019-05-29,675,29,12,710.76
5568,2019-05-29,515,9,15,450.15
5569,2019-05-29,496,33,7,575.54
5570,2019-05-29,729,31,8,446.16
5571,2019-05-29,379,33,3,160.32
5572,2019-05-29,891,42,6,309.78
5573,2019-05-29,616,10,4,313.24
5574,2019-05-29,204,7,7,65.8
5575,2019-05-29,540,5,5,384.5
5576,2019-05-29,381,24,4,125.04
5577,2019-05-29,126,51,7,527.24
5578,2019-05-29,433,17,19,641.82
5579,2019-05-29,776,21,7,633.36
5580,2019-05-29,561,9,5,150.05
5581,2019-05-29,316,56,17,349.01
5582,2019-05-29,536,22,18,1084.68
5583,2019-05-29,878,45,13,595.01
5584,2019-05-29,996,42,5,437.55
5585,2019-05-29,173,23,19,309.13
5586,2019-05-29,220,23,14,138.88
5587,2019-05-30,993,11,17,364.99
5588,2019-05-30,782,53,13,799.11
5589,2019-05-30,668,32,4,369.32
5590,2019-05-30,9,11,19,407.93
5591,2019-05-30,590,56,8,164.24
5592,2019-05-30,229,58,8,584.4
5593,2019-05-30,139,6,3,297.66
5594,2019-05-30,741,44,17,521.39
5595,2019-05-30,252,5,15,1297.8
5596,2019-05-30,630,13,14,278.6
5597,2019-05-30,167,7,7,62.93
5598,2019-05-30,115,43,20,813.8
5599,2019-05-30,296,1,10,63.6
5600,2019-05-30,377,47,7,338.24
5601,2019-05-30,139,25,4,294.8
5602,2019-05-30,401,32,15,720.15
5603,2019-05-30,671,29,15,888.45
5604,2019-05-30,385,45,11,251.79
5605,2019-05-30,829,31,9,501.93
5606,2019-05-30,748,51,15,1129.8
5607,2019-05-30,38,54,19,718.01
5608,2019-05-30,542,53,3,193.29
5609,2019-05-30,477,9,16,480.16
5610,2019-05-30,57,49,15,920.25
5611,2019-05-30,50,6,13,683.67
5612,2019-05-30,76,40,5,396.55
5613,2019-05-30,588,53,16,1184.96
5614,2019-05-30,294,33,13,1068.86
5615,2019-05-30,175,20,19,1653.95
5616,2019-05-30,882,49,15,939.0
5617,2019-05-30,67,33,3,241.74
5618,2019-05-30,500,51,12,903.84
5619,2019-05-30,529,44,20,613.4
5620,2019-05-30,570,56,13,266.89
5621,2019-05-30,927,57,3,183.24
5622,2019-05-30,804,23,18,292.86
5623,2019-05-30,375,60,17,700.74
5624,2019-05-30,923,42,18,1575.18
5625,2019-05-30,823,18,20,630.8
5626,2019-05-31,837,40,6,475.86
5627,2019-05-31,502,22,17,983.45
5628,2019-05-31,324,58,1,73.05
5629,2019-05-31,229,38,1,21.98
5630,2019-05-31,139,9,1,17.11
5631,2019-05-31,360,17,16,540.48
5632,2019-05-31,852,42,2,175.02
5633,2019-05-31,87,11,15,322.05
5634,2019-05-31,56,42,6,483.06
5635,2019-05-31,929,33,17,1397.74
5636,2019-05-31,564,44,9,276.03
5637,2019-05-31,353,58,2,87.66
5638,2019-05-31,435,17,17,574.26
5639,2019-05-31,514,37,3,185.97
5640,2019-05-31,352,38,5,85.7
5641,2019-05-31,289,14,5,497.0
5642,2019-05-31,67,6,17,1686.74
5643,2019-05-31,303,55,6,42.6
5644,2019-05-31,714,60,1,41.22
5645,2019-05-31,732,32,13,1200.29
5646,2019-05-31,447,20,2,174.1
5647,2019-05-31,377,36,14,193.62
5648,2019-05-31,86,50,17,1087.66
5649,2019-05-31,198,13,11,218.9
5650,2019-05-31,387,3,16,1046.4
5651,2019-05-31,471,60,4,164.88
5652,2019-05-31,779,8,9,379.71
5653,2019-05-31,396,14,14,1391.6
5654,2019-05-31,598,15,16,226.08
5655,2019-05-31,847,18,6,337.98
5656,2019-05-31,336,33,14,1151.08
5657,2019-05-31,116,36,2,27.66
5658,2019-05-31,60,40,6,475.86
5659,2019-05-31,398,8,12,506.28
5660,2019-05-31,345,50,17,1087.66
5661,2019-05-31,871,53,14,1036.84
5662,2019-05-31,285,43,11,447.59
5663,2019-05-31,824,38,18,395.64
5664,2019-05-31,671,5,9,786.51
5665,2019-05-31,48,19,18,410.94
5666,2019-05-31,161,8,11,464.09
5667,2019-05-31,415,31,16,892.32
5668,2019-06-13,723,8,3,81.0
5669,2019-06-13,945,25,17,1252.9
5670,2019-06-13,888,59,20,1485.6
5671,2019-06-13,939,14,13,1292.2
5672,2019-06-13,878,12,3,75.33
5673,2019-06-13,891,6,12,1190.64
5674,2019-06-13,282,8,19,801.61
5675,2019-06-13,876,43,20,561.6
5676,2019-06-13,866,8,8,239.6
5677,2019-06-13,299,54,18,680.22
5678,2019-06-13,890,26,6,474.9
5679,2019-06-13,607,58,12,569.76
5680,2019-06-13,206,19,13,296.79
5681,2019-06-13,942,19,10,228.3
5682,2019-06-13,399,52,15,1481.1
5683,2019-06-13,843,27,2,94.82
5684,2019-06-13,755,14,10,994.0
5685,2019-06-13,337,3,16,1046.4
5686,2019-06-13,14,24,5,156.3
5687,2019-06-13,847,30,15,344.4
5688,2019-06-13,596,25,19,1400.3
5689,2019-06-13,545,30,17,390.32
5690,2019-06-13,621,57,20,1372.6
5691,2019-06-13,151,32,20,1846.6
5692,2019-06-13,406,19,16,299.52
5693,2019-06-13,712,45,16,681.12
5694,2019-06-13,936,9,20,420.2
5695,2019-06-13,299,44,11,337.37
5696,2019-06-13,976,60,14,577.08
5697,2019-06-13,267,44,2,61.34
5698,2019-06-14,901,57,7,480.41
5699,2019-06-14,615,11,20,429.4
5700,2019-06-14,498,30,20,459.2
5701,2019-06-14,440,21,19,1650.34
5702,2019-06-14,954,50,4,153.56
5703,2019-06-14,301,18,2,112.66
5704,2019-06-14,535,5,5,436.95
5705,2019-06-14,217,24,20,481.4
5706,2019-06-14,928,23,14,159.46
5707,2019-06-14,883,37,18,1115.82
5708,2019-06-14,97,60,18,741.96
5709,2019-06-14,93,56,14,287.42
5710,2019-06-14,890,2,12,1028.88
5711,2019-06-14,634,52,4,394.96
5712,2019-06-14,623,12,5,212.8
5713,2019-06-14,694,48,13,476.71
5714,2019-06-14,434,16,8,443.6
5715,2019-06-14,933,53,17,856.12
5716,2019-06-14,582,17,2,67.56
5717,2019-06-14,683,59,7,327.6
5718,2019-06-14,364,51,15,1129.8
5719,2019-06-14,806,38,8,175.84
5720,2019-06-14,871,45,15,686.55
5721,2019-06-14,347,53,16,782.08
5722,2019-06-14,729,27,14,524.3
5723,2019-06-14,711,55,13,111.15
5724,2019-06-14,14,15,18,216.18
5725,2019-06-14,325,36,16,221.28
5726,2019-06-14,343,18,12,675.96
5727,2019-06-14,610,33,9,739.98
5728,2019-06-14,807,20,17,947.07
5729,2019-06-14,418,53,9,666.54
5730,2019-06-14,280,19,16,365.28
5731,2019-06-14,325,4,2,136.32
5732,2019-06-14,321,51,11,679.36
5733,2019-06-14,602,19,20,456.6
5734,2019-06-14,347,31,16,892.32
5735,2019-06-14,463,45,9,411.93
5736,2019-06-14,75,39,9,337.05
5737,2019-06-14,328,60,14,386.68
5738,2019-06-14,123,34,2,199.08
5739,2019-06-14,518,20,13,1131.65
5740,2019-06-15,755,60,18,741.96
5741,2019-06-15,86,58,5,365.25
5742,2019-06-15,328,35,11,1052.48
5743,2019-06-15,146,38,11,241.78
5744,2019-06-15,519,59,18,1337.04
5745,2019-06-15,556,37,10,619.9
5746,2019-06-15,879,10,5,444.95
5747,2019-06-15,742,1,12,62.64
5748,2019-06-15,516,38,11,241.78
5749,2019-06-15,955,18,7,197.19
5750,2019-06-15,987,18,18,1013.94
5751,2019-06-15,292,15,9,127.17
5752,2019-06-15,782,37,13,805.87
5753,2019-06-15,13,46,7,429.38
5754,2019-06-15,665,30,16,367.36
5755,2019-06-15,363,23,16,260.32
5756,2019-06-15,611,19,6,136.98
5757,2019-06-15,556,50,5,204.75
5758,2019-06-15,899,33,12,710.4
5759,2019-06-15,55,56,2,20.94
5760,2019-06-15,567,18,14,599.34
5761,2019-06-15,261,52,19,1838.63
5762,2019-06-15,322,52,17,1678.58
5763,2019-06-15,118,27,20,948.2
5764,2019-06-15,501,18,19,1070.27
5765,2019-06-15,31,16,8,443.6
5766,2019-06-15,875,34,6,597.24
5767,2019-06-15,47,5,2,174.78
5768,2019-06-15,657,54,18,680.22
5769,2019-06-15,544,8,16,675.04
5770,2019-06-15,967,12,3,127.68
5771,2019-06-15,262,29,5,296.15
5772,2019-06-15,138,14,1,99.4
5773,2019-06-15,336,41,20,1307.0
5774,2019-06-15,353,45,16,732.32
5775,2019-06-15,551,27,7,165.97
5776,2019-06-15,266,50,6,383.88
5777,2019-06-15,720,44,10,306.7
5778,2019-06-15,565,5,6,524.34
5779,2019-06-15,792,22,13,783.38
5780,2019-06-15,599,3,6,392.4
5781,2019-06-16,759,13,12,229.2
5782,2019-06-16,98,28,11,307.56
5783,2019-06-16,746,11,18,220.32
5784,2019-06-16,811,49,10,482.0
5785,2019-06-16,875,59,8,493.2
5786,2019-06-16,918,12,10,425.6
5787,2019-06-16,202,55,19,162.45
5788,2019-06-16,444,55,14,119.7
5789,2019-06-16,151,16,17,791.86
5790,2019-06-16,278,41,2,105.86
5791,2019-06-16,155,55,14,119.7
5792,2019-06-16,942,52,14,1382.36
5793,2019-06-16,28,14,12,1192.8
5794,2019-06-16,472,39,6,224.7
5795,2019-06-16,836,45,14,640.78
5796,2019-06-16,848,29,5,296.15
5797,2019-06-16,641,47,9,434.88
5798,2019-06-16,177,59,10,675.9
5799,2019-06-16,234,35,5,478.4
5800,2019-06-16,735,13,15,298.5
5801,2019-06-16,630,22,14,624.26
5802,2019-06-16,298,46,8,490.72
5803,2019-06-16,725,28,8,225.92
5804,2019-06-16,709,58,3,219.15
5805,2019-06-16,183,45,2,91.54
5806,2019-06-16,898,18,2,112.66
5807,2019-06-16,617,36,8,110.64
5808,2019-06-16,696,59,10,742.8
5809,2019-06-16,602,42,11,500.61
5810,2019-06-16,890,26,18,1515.6
5811,2019-06-16,219,35,8,765.44
5812,2019-06-16,295,53,13,818.35
5813,2019-06-16,16,18,8,450.64
5814,2019-06-16,988,20,9,783.45
5815,2019-06-16,761,53,3,222.18
5816,2019-06-16,121,30,17,390.32
5817,2019-06-16,675,1,2,12.72
5818,2019-06-16,691,54,3,71.43
5819,2019-06-16,21,51,12,569.4
5820,2019-06-16,128,30,10,229.6
5821,2019-06-16,142,13,16,308.8
5822,2019-06-17,111,24,11,343.86
5823,2019-06-17,785,15,10,70.7
5824,2019-06-17,16,20,10,870.5
5825,2019-06-17,765,46,1,61.34
5826,2019-06-17,194,41,4,261.4
5827,2019-06-17,456,4,16,1090.56
5828,2019-06-17,838,54,10,377.9
5829,2019-06-17,548,29,6,355.38
5830,2019-06-17,742,59,10,742.8
5831,2019-06-17,77,54,1,37.79
5832,2019-06-17,390,25,1,56.01
5833,2019-06-17,302,60,10,412.2
5834,2019-06-17,71,39,8,299.6
5835,2019-06-17,811,8,4,168.76
5836,2019-06-17,526,7,14,106.54
5837,2019-06-17,793,19,14,319.62
5838,2019-06-17,308,28,13,367.12
5839,2019-06-17,853,48,16,586.72
5840,2019-06-17,152,31,19,1059.63
5841,2019-06-17,525,35,17,1626.56
5842,2019-06-17,331,57,9,617.67
5843,2019-06-17,355,43,1,40.69
5844,2019-06-17,466,33,8,467.04
5845,2019-06-17,794,57,10,686.3
5846,2019-06-17,541,42,4,350.04
5847,2019-06-17,34,47,6,289.92
5848,2019-06-17,98,21,17,1538.16
5849,2019-06-17,690,51,4,301.28
5850,2019-06-17,113,1,20,127.2
5851,2019-06-17,360,21,3,271.44
5852,2019-06-17,758,55,1,8.55
5853,2019-06-17,807,15,3,42.39
5854,2019-06-17,904,38,9,197.82
5855,2019-06-17,979,50,12,767.76
5856,2019-06-17,14,33,11,904.42
5857,2019-06-17,256,1,13,82.68
5858,2019-06-17,83,8,9,379.71
5859,2019-06-17,801,38,3,65.94
5860,2019-06-17,892,26,10,842.0
5861,2019-06-17,18,12,10,425.6
5862,2019-06-17,682,39,2,74.9
5863,2019-06-17,813,39,14,335.58
5864,2019-06-17,401,26,2,168.4
5865,2019-06-18,936,15,15,211.95
5866,2019-06-18,436,8,9,379.71
5867,2019-06-18,766,48,18,660.06
5868,2019-06-18,186,53,13,818.35
5869,2019-06-18,805,39,18,674.1
5870,2019-06-18,49,16,6,332.7
5871,2019-06-18,9,54,8,235.84
5872,2019-06-18,230,48,14,513.38
5873,2019-06-18,235,42,12,819.12
5874,2019-06-18,994,41,4,261.4
5875,2019-06-18,492,56,9,184.77
5876,2019-06-18,64,36,17,235.11
5877,2019-06-18,7,7,19,262.77
5878,2019-06-18,656,38,18,395.64
5879,2019-06-18,209,53,9,353.25
5880,2019-06-18,814,11,10,214.7
5881,2019-06-18,950,60,17,700.74
5882,2019-06-18,599,1,2,12.72
5883,2019-06-18,85,7,20,276.6
5884,2019-06-18,167,5,9,786.51
5885,2019-06-18,210,27,10,474.1
5886,2019-06-18,505,8,4,168.76
5887,2019-06-18,585,22,20,1205.2
5888,2019-06-18,831,4,20,858.8
5889,2019-06-18,957,11,8,171.76
5890,2019-06-18,1,28,13,367.12
5891,2019-06-18,496,21,6,542.88
5892,2019-06-18,356,35,16,1530.88
5893,2019-06-18,717,13,12,238.8
5894,2019-06-18,578,47,4,187.48
5895,2019-06-18,844,48,17,623.39
5896,2019-06-18,225,56,6,76.38
5897,2019-06-18,42,3,5,196.2
5898,2019-06-18,16,55,18,90.72
5899,2019-06-19,235,22,3,180.78
5900,2019-06-19,213,18,18,1013.94
5901,2019-06-19,689,55,8,68.4
5902,2019-06-19,964,42,19,1662.69
5903,2019-06-19,925,37,15,929.85
5904,2019-06-19,300,8,4,168.76
5905,2019-06-19,277,24,15,468.9
5906,2019-06-19,954,38,17,373.66
5907,2019-06-19,656,14,10,994.0
5908,2019-06-19,704,4,1,68.16
5909,2019-06-19,213,59,2,148.56
5910,2019-06-19,444,33,14,1151.08
5911,2019-06-19,106,16,15,823.5
5912,2019-06-19,988,2,19,1629.06
5913,2019-06-19,790,15,7,98.91
5914,2019-06-19,371,32,5,424.7
5915,2019-06-19,283,1,18,114.48
5916,2019-06-19,991,6,18,1785.96
5917,2019-06-19,947,9,17,479.57
5918,2019-06-19,896,48,1,36.67
5919,2019-06-19,250,20,11,957.55
5920,2019-06-19,927,46,8,490.72
5921,2019-06-19,994,10,6,533.94
5922,2019-06-19,547,17,12,405.36
5923,2019-06-19,542,7,20,276.6
5924,2019-06-19,948,15,15,152.55
5925,2019-06-19,395,40,7,555.17
5926,2019-06-19,300,24,11,343.86
5927,2019-06-19,415,18,1,56.33
5928,2019-06-19,707,11,9,193.23
5929,2019-06-19,440,15,16,226.08
5930,2019-06-19,518,51,9,677.88
5931,2019-06-19,931,51,11,828.52
5932,2019-06-19,956,8,3,126.57
5933,2019-06-19,460,33,2,164.44
5934,2019-06-19,5,25,3,221.1
5935,2019-06-19,124,37,2,123.98
5936,2019-06-19,509,7,2,14.38
5937,2019-06-19,154,34,8,796.32
5938,2019-06-19,45,10,18,1233.36
5939,2019-06-19,416,49,16,1001.6
5940,2019-06-19,683,36,11,152.13
5941,2019-06-19,528,28,17,480.08
5942,2019-06-19,55,12,20,851.2
5943,2019-06-19,877,32,18,1661.94
5944,2019-06-19,316,13,4,79.6
5945,2019-06-19,813,8,9,379.71
5946,2019-06-19,357,4,17,1042.78
5947,2019-06-19,315,26,6,505.2
5948,2019-06-19,221,50,2,127.96
5949,2019-06-19,285,26,16,1347.2
5950,2019-06-19,691,51,17,1280.44
5951,2019-06-19,621,14,11,1093.4
5952,2019-06-19,562,32,1,92.33
5953,2019-06-20,59,59,4,297.12
5954,2019-06-20,30,23,12,109.32
5955,2019-06-20,814,26,8,518.64
5956,2019-06-20,319,16,8,443.6
5957,2019-06-20,411,55,13,111.15
5958,2019-06-20,146,36,7,96.81
5959,2019-06-20,333,44,4,122.68
5960,2019-06-20,280,47,1,48.32
5961,2019-06-20,927,18,4,223.08
5962,2019-06-20,280,54,3,113.37
5963,2019-06-20,726,60,13,535.86
5964,2019-06-20,972,60,11,453.42
5965,2019-06-20,575,12,15,574.5
5966,2019-06-20,940,38,17,209.27
5967,2019-06-20,677,53,12,888.72
5968,2019-06-20,977,34,10,995.4
5969,2019-06-20,383,17,8,270.24
5970,2019-06-20,314,44,10,282.2
5971,2019-06-20,358,55,3,25.65
5972,2019-06-20,54,41,9,464.67
5973,2019-06-20,695,37,2,123.98
5974,2019-06-20,169,44,7,214.69
5975,2019-06-20,681,7,13,179.79
5976,2019-06-20,270,58,19,1235.19
5977,2019-06-20,280,11,1,21.47
5978,2019-06-20,438,18,9,506.97
5979,2019-06-20,575,2,18,1543.32
5980,2019-06-20,602,13,16,318.4
5981,2019-06-20,591,26,17,1431.4
5982,2019-06-20,267,3,14,668.36
5983,2019-06-20,948,1,7,44.52
5984,2019-06-20,606,21,6,483.18
5985,2019-06-20,291,14,4,397.6
5986,2019-06-20,238,33,20,1644.4
5987,2019-06-20,880,28,13,260.65
5988,2019-06-20,328,40,10,793.1
5989,2019-06-20,771,3,2,98.1
5990,2019-06-20,184,6,5,496.1
5991,2019-06-20,632,2,15,1286.1
5992,2019-06-20,122,11,2,42.94
5993,2019-06-20,159,18,17,957.61
5994,2019-06-20,847,51,2,150.64
5995,2019-06-20,840,23,18,292.86
5996,2019-06-20,893,33,5,411.1
5997,2019-06-20,566,23,11,178.97
5998,2019-06-20,114,19,9,205.47
5999,2019-06-20,404,11,20,429.4
6000,2019-06-20,88,57,4,274.52
